,Species,Class,Order,Family,Genus,Nodes_in_tree,A>G
143,Corynoptera_melanochaeta,Insecta_50557,Diptera_7147,Sciaridae_7184,Corynoptera_1260849,284.0,0.3504719529810846
396,Pachybrachis_regius,Insecta_50557,Coleoptera_7041,Chrysomelidae_27439,Pachybrachis_131689,10.0,0.3366159933268615
112,Chironomus_thummi,Insecta_50557,Diptera_7147,Chironomidae_7149,Chironomus_7150,68.0,0.331767727754899
12,Agrypnia_pagetana,Insecta_50557,Trichoptera_30263,Phryganeidae_177685,Agrypnia_689469,39.0,0.3244637763611495
530,Trigonopterus_puspoi,Insecta_50557,Coleoptera_7041,Curculionidae_7042,Trigonopterus_657549,13.0,0.3220681214128062
293,Isonychia_bicolor,Insecta_50557,Ephemeroptera_30073,Isonychiidae_219466,Isonychia_219470,35.0,0.3156183102720421
297,Isoperla_obscura,Insecta_50557,Plecoptera_50622,Perlodidae_50623,Isoperla_143767,13.0,0.3057552295651475
161,Cyphomyrmex_muelleri,Insecta_50557,Hymenoptera_7399,Formicidae_36668,Cyphomyrmex_34699,13.0,0.303310612714632
477,Scolytus_schevyrewi,Insecta_50557,Coleoptera_7041,Curculionidae_7042,Scolytus_159923,13.0,0.2914048853595498
309,Leucrocuta_aphrodite,Insecta_50557,Ephemeroptera_30073,Heptageniidae_178295,Leucrocuta_197167,11.0,0.2861019219879085
197,Empria_pallimacula,Insecta_50557,Hymenoptera_7399,Tenthredinidae_27532,Empria_765352,18.0,0.2858150309659614
357,Mordellina_ancilla,Insecta_50557,Coleoptera_7041,Mordellidae_219430,Mordellina_1710127,19.0,0.2763147551840284
392,Oxybelus_uniglumis,Insecta_50557,Hymenoptera_7399,Crabronidae_253718,Oxybelus_288411,14.0,0.2581759789177889
165,Delia_antiqua,Insecta_50557,Diptera_7147,Anthomyiidae_30062,Delia_30063,53.0,0.2557333504768735
207,Epicauta_bipunctata,Insecta_50557,Coleoptera_7041,Meloidae_34672,Epicauta_34673,12.0,0.2516980887110036
62,Berberomeloe_maculifrons,Insecta_50557,Coleoptera_7041,Meloidae_34672,Berberomeloe_443659,19.0,0.2508718236687043
202,Ephemerella_invaria,Insecta_50557,Ephemeroptera_30073,Ephemerellidae_50633,Ephemerella_50634,103.0,0.2476671645268039
13,Allomerus_decemarticulatus,Insecta_50557,Hymenoptera_7399,Formicidae_36668,Allomerus_340332,30.0,0.2447381048258968
102,Ceraclea_resurgens,Insecta_50557,Trichoptera_30263,Leptoceridae_50642,Ceraclea_177832,44.0,0.2424703843136121
195,Ectemnius_continuus,Insecta_50557,Hymenoptera_7399,Crabronidae_253718,Ectemnius_421297,23.0,0.2402980990027144
363,Mythimna_oxygala,Insecta_50557,Lepidoptera_7088,Noctuidae_7100,Mythimna_103830,74.0,0.2400687484024303
420,Philonthus_quisquiliarius,Insecta_50557,Coleoptera_7041,Staphylinidae_29026,Philonthus_219450,16.0,0.2377680995880915
510,Tenthredo_korabica,Insecta_50557,Hymenoptera_7399,Tenthredinidae_27532,Tenthredo_112291,16.0,0.2377353078912515
8,Afronurus_yoshidae,Insecta_50557,Ephemeroptera_30073,Heptageniidae_178295,Afronurus_309622,142.0,0.2371777665790705
44,Atomaria_ephippiata,Insecta_50557,Coleoptera_7041,Cryptophagidae_196989,Atomaria_295824,56.0,0.2359234379280061
246,Forficula_dentata,Insecta_50557,Dermaptera_27434,Forficulidae_27437,Forficula_13067,29.0,0.2325299301203512
176,Dolichopus_discifer,Insecta_50557,Diptera_7147,Dolichopodidae_92558,Dolichopus_192427,50.0,0.228610320367515
427,Physconelloides_ceratoceps,Insecta_50557,Phthiraptera_85819,Philopteridae_66236,Physconelloides_135601,15.0,0.2270379834289395
304,Lepidostoma_aztecum,Insecta_50557,Trichoptera_30263,Lepidostomatidae_158437,Lepidostoma_158438,23.0,0.2252878465297291
369,Neocrepidodera_femorata,Insecta_50557,Coleoptera_7041,Chrysomelidae_27439,Neocrepidodera_877842,13.0,0.222955720664466
17,Amphinemura_palmeni,Insecta_50557,Plecoptera_50622,Nemouridae_62802,Amphinemura_143723,12.0,0.2223524440667683
385,Olethreutes_trinitana,Insecta_50557,Lepidoptera_7088,Tortricidae_7139,Olethreutes_572715,13.0,0.221856250786517
489,Spatalia_doerriesi,Insecta_50557,Lepidoptera_7088,Notodontidae_37571,Spatalia_1101154,11.0,0.2216781429600191
82,Caloptilia_alchimiella,Insecta_50557,Lepidoptera_7088,Gracillariidae_98966,Caloptilia_199009,17.0,0.2207784978130108
177,Dorylomorpha_borealis,Insecta_50557,Diptera_7147,Pipunculidae_43835,Dorylomorpha_535976,54.0,0.2200206857374111
78,Busseola_segeta,Insecta_50557,Lepidoptera_7088,Noctuidae_7100,Busseola_236772,12.0,0.2177835653307366
4,Adrastus_rachifer,Insecta_50557,Coleoptera_7041,Elateridae_30009,Adrastus_869180,10.0,0.2165449216512547
503,Tachysphex_panzeri,Insecta_50557,Hymenoptera_7399,Crabronidae_253718,Tachysphex_288418,12.0,0.2164808138914167
283,Hygrotus_novemlineatus,Insecta_50557,Coleoptera_7041,Dytiscidae_50515,Hygrotus_107883,31.0,0.2159872672734476
96,Catocala_crataegi,Insecta_50557,Lepidoptera_7088,Erebidae_695564,Catocala_56375,19.0,0.2156550286533897
7,Afronurus_cervina,Insecta_50557,Ephemeroptera_30073,Heptageniidae_178295,Afronurus_309622,11.0,0.2137556458263654
51,Baetis_bicaudatus,Insecta_50557,Ephemeroptera_30073,Baetidae_172515,Baetis_189838,152.0,0.2087593647879391
204,Ephemerella_tibialis,Insecta_50557,Ephemeroptera_30073,Ephemerellidae_50633,Ephemerella_50634,35.0,0.208706559150587
543,Xeris_caudatus,Insecta_50557,Hymenoptera_7399,Siricidae_36763,Xeris_410287,30.0,0.2062727994079273
107,Chelonus_blackburni,Insecta_50557,Hymenoptera_7399,Braconidae_7402,Chelonus_7405,14.0,0.205060848973458
470,Riekoperla_rugosa,Insecta_50557,Plecoptera_50622,Gripopterygidae_143709,Riekoperla_466797,32.0,0.2044191622669658
359,Mycetophila_fungorum,Insecta_50557,Diptera_7147,Mycetophilidae_29035,Mycetophila_397146,426.0,0.2042607525647692
409,Pemphredon_lugens,Insecta_50557,Hymenoptera_7399,Crabronidae_253718,Pemphredon_421402,13.0,0.2036938616062153
386,Ophiomyia_nasuta,Insecta_50557,Diptera_7147,Agromyzidae_127399,Ophiomyia_341050,48.0,0.2026827625654165
94,Carabus_taedatus,Insecta_50557,Coleoptera_7041,Carabidae_41073,Carabus_41074,155.0,0.2020260208524758
166,Delia_tenuiventris,Insecta_50557,Diptera_7147,Anthomyiidae_30062,Delia_30063,12.0,0.2014832077828352
131,Clytus_ruricola,Insecta_50557,Coleoptera_7041,Cerambycidae_34667,Clytus_132596,122.0,0.2014449413847487
428,Physconelloides_eurysema,Insecta_50557,Phthiraptera_85819,Philopteridae_66236,Physconelloides_135601,14.0,0.2013883957989227
391,Otiorhynchus_coecus,Insecta_50557,Coleoptera_7041,Curculionidae_7042,Otiorhynchus_41162,10.0,0.2000022923728728
418,Philonthus_fimetarius,Insecta_50557,Coleoptera_7041,Staphylinidae_29026,Philonthus_219450,11.0,0.1998000742639872
398,Pachypappa_rosettei,Insecta_50557,Hemiptera_7524,Pemphigidae_30187,Pachypappa_330417,42.0,0.1993036745784785
90,Cantharis_flavilabris,Insecta_50557,Coleoptera_7041,Cantharidae_41097,Cantharis_41098,10.0,0.1988757651356507
46,Bactrocera_albistrigata,Insecta_50557,Diptera_7147,Tephritidae_7211,Bactrocera_27456,15.0,0.1986488642418072
519,Timema_podura,Insecta_50557,Phasmatodea_7020,Timematidae_213546,Timema_61471,10.0,0.1973584267515065
395,Pachybrachis_azureus,Insecta_50557,Coleoptera_7041,Chrysomelidae_27439,Pachybrachis_131689,43.0,0.1966059487660159
159,Culiseta_inornata,Insecta_50557,Diptera_7147,Culicidae_7157,Culiseta_174825,177.0,0.1965869362411798
515,Tettigonia_viridissima,Insecta_50557,Orthoptera_6993,Tettigoniidae_62784,Tettigonia_62793,13.0,0.1955703087734198
87,Camponotus_planatus,Insecta_50557,Hymenoptera_7399,Formicidae_36668,Camponotus_13390,16.0,0.193557419739999
319,Lixus_iridis,Insecta_50557,Coleoptera_7041,Curculionidae_7042,Lixus_122886,13.0,0.1935410652183737
432,Pipunculus_hertzogi,Insecta_50557,Diptera_7147,Pipunculidae_43835,Pipunculus_240898,65.0,0.1925834523572967
329,Machimus_notatus,Insecta_50557,Diptera_7147,Asilidae_50673,Machimus_247604,17.0,0.1920995535529085
315,Limnephilus_lunatus,Insecta_50557,Trichoptera_30263,Limnephilidae_50645,Limnephilus_177674,18.0,0.191909163269598
507,Teloganopsis_deficiens,Insecta_50557,Ephemeroptera_30073,Ephemerellidae_50633,Teloganopsis_604017,31.0,0.190954885856131
461,Ptomaphagus_hatchi,Insecta_50557,Coleoptera_7041,Leiodidae_66535,Ptomaphagus_351534,18.0,0.1901439997547478
403,Paraleptophlebia_mollis,Insecta_50557,Ephemeroptera_30073,Leptophlebiidae_89829,Paraleptophlebia_202397,85.0,0.1875674845929558
437,Polydrusus_cervinus,Insecta_50557,Coleoptera_7041,Curculionidae_7042,Polydrusus_122852,21.0,0.1875045706274012
111,Chironomus_harpi,Insecta_50557,Diptera_7147,Chironomidae_7149,Chironomus_7150,41.0,0.1872252766240002
433,Pissodes_strobi,Insecta_50557,Coleoptera_7041,Curculionidae_7042,Pissodes_49926,36.0,0.1870124854570639
336,Meimuna_oshimensis,Insecta_50557,Hemiptera_7524,Cicadidae_7033,Meimuna_179422,29.0,0.1868176448738956
379,Ochlerotatus_riparius,Insecta_50557,Diptera_7147,Culicidae_7157,Ochlerotatus_190765,11.0,0.1866395650745799
245,Forficula_auricularia,Insecta_50557,Dermaptera_27434,Forficulidae_27437,Forficula_13067,40.0,0.1864358802460723
486,Simulium_truncatum,Insecta_50557,Diptera_7147,Simuliidae_7190,Simulium_7191,39.0,0.1844533264250797
89,Camponotus_vicinus,Insecta_50557,Hymenoptera_7399,Formicidae_36668,Camponotus_13390,38.0,0.1843357420098622
484,Simulium_craigi,Insecta_50557,Diptera_7147,Simuliidae_7190,Simulium_7191,13.0,0.1842655898406563
179,Drilus_horasfakionus,Insecta_50557,Coleoptera_7041,Elateridae_30009,Drilus_295521,10.0,0.1842575250686759
236,Eurylophella_bicolor,Insecta_50557,Ephemeroptera_30073,Ephemerellidae_50633,Eurylophella_219546,18.0,0.1842572219335624
275,Hoplopleura_acanthopus,Insecta_50557,Phthiraptera_85819,Hoplopleuridae_160140,Hoplopleura_160141,21.0,0.1830912898565329
30,Aphaenogaster_carolinensis,Insecta_50557,Hymenoptera_7399,Formicidae_36668,Aphaenogaster_165430,10.0,0.1830563772827848
239,Eusilpha_japonica,Insecta_50557,Coleoptera_7041,Silphidae_57514,Eusilpha_414930,86.0,0.1828001824172206
328,Maccaffertium_terminatum,Insecta_50557,Ephemeroptera_30073,Heptageniidae_178295,Maccaffertium_603960,32.0,0.1825819781377659
200,Ephemera_strigata,Insecta_50557,Ephemeroptera_30073,Ephemeridae_50581,Ephemera_50582,19.0,0.1821958842207651
14,Alloperla_petasata,Insecta_50557,Plecoptera_50622,Chloroperlidae_143748,Alloperla_466625,25.0,0.1813215216610622
370,Neolucanus_doro,Insecta_50557,Coleoptera_7041,Lucanidae_41105,Neolucanus_273939,44.0,0.1813108436081335
18,Amphinemura_wui,Insecta_50557,Plecoptera_50622,Nemouridae_62802,Amphinemura_143723,18.0,0.1797715657565194
408,Pemphredon_inornata,Insecta_50557,Hymenoptera_7399,Crabronidae_253718,Pemphredon_421402,39.0,0.1796665920288701
473,Sargus_elegans,Insecta_50557,Diptera_7147,Stratiomyidae_34687,Sargus_343647,14.0,0.1786971091755634
196,Electrogena_lateralis,Insecta_50557,Ephemeroptera_30073,Heptageniidae_178295,Electrogena_940666,28.0,0.1781633995416916
483,Simulium_cheongi,Insecta_50557,Diptera_7147,Simuliidae_7190,Simulium_7191,25.0,0.1774608771827504
299,Kyklioacalles_roboris,Insecta_50557,Coleoptera_7041,Curculionidae_7042,Kyklioacalles_501652,15.0,0.1773303275972094
276,Hoplopleura_patersoni,Insecta_50557,Phthiraptera_85819,Hoplopleuridae_160140,Hoplopleura_160141,20.0,0.1772698600822685
350,Micropsectra_nigripila,Insecta_50557,Diptera_7147,Chironomidae_7149,Micropsectra_288800,182.0,0.1765451382938062
240,Eutrichapion_ervi,Insecta_50557,Coleoptera_7041,Apionidae_122732,Eutrichapion_201911,10.0,0.1760901814486652
353,Misolampus_scabricollis,Insecta_50557,Coleoptera_7041,Tenebrionidae_7065,Misolampus_57057,17.0,0.1755874521431831
424,Phyllobius_maculicornis,Insecta_50557,Coleoptera_7041,Curculionidae_7042,Phyllobius_41160,15.0,0.1755350310221722
251,Furcula_furcula,Insecta_50557,Lepidoptera_7088,Notodontidae_37571,Furcula_56587,24.0,0.1748902436921113
314,Limnephilus_borealis,Insecta_50557,Trichoptera_30263,Limnephilidae_50645,Limnephilus_177674,17.0,0.1747985274337253
33,Aphthona_nonstriata,Insecta_50557,Coleoptera_7041,Chrysomelidae_27439,Aphthona_217225,18.0,0.1745548370864757
529,Trigonopterus_monteithi,Insecta_50557,Coleoptera_7041,Curculionidae_7042,Trigonopterus_657549,11.0,0.1740756222943059
154,Culicoides_pseudodiabolicus,Insecta_50557,Diptera_7147,Ceratopogonidae_41819,Culicoides_41820,59.0,0.1738851118459952
295,Isoperla_bilineata,Insecta_50557,Plecoptera_50622,Perlodidae_50623,Isoperla_143767,10.0,0.1732163384052617
373,Nephotettix_nigropictus,Insecta_50557,Hemiptera_7524,Cicadellidae_30102,Nephotettix_94399,19.0,0.1731427210597396
286,Hypercompe_caudata,Insecta_50557,Lepidoptera_7088,Erebidae_695564,Hypercompe_505956,11.0,0.1730800111366743
158,Culicoides_wadai,Insecta_50557,Diptera_7147,Ceratopogonidae_41819,Culicoides_41820,64.0,0.1728879121305
514,Tetraserica_pingjiangensis,Insecta_50557,Coleoptera_7041,Scarabaeidae_7055,Tetraserica_465337,13.0,0.1726586556114281
272,Heterargus_indentatus,Insecta_50557,Coleoptera_7041,Zopheridae_219432,Heterargus_2713728,20.0,0.1707022123547478
476,Scatopsciara_vitripennis,Insecta_50557,Diptera_7147,Sciaridae_7184,Scatopsciara_1260859,27.0,0.1695478820724524
324,Lycoriella_sativae,Insecta_50557,Diptera_7147,Sciaridae_7184,Lycoriella_170626,276.0,0.1692289945439587
417,Philonthus_caeruleipennis,Insecta_50557,Coleoptera_7041,Staphylinidae_29026,Philonthus_219450,50.0,0.1691616447020326
203,Ephemerella_mucronata,Insecta_50557,Ephemeroptera_30073,Ephemerellidae_50633,Ephemerella_50634,16.0,0.1689306849644854
168,Devadatta_aran,Insecta_50557,Odonata_6961,Amphyipterygidae_126186,Devadatta_476741,17.0,0.1685658702004661
316,Limnephilus_pantodapus,Insecta_50557,Trichoptera_30263,Limnephilidae_50645,Limnephilus_177674,10.0,0.1681811520105021
410,Perapion_violaceum,Insecta_50557,Coleoptera_7041,Apionidae_122732,Perapion_202104,16.0,0.1681245020319316
545,Xylophanes_thyelia,Insecta_50557,Lepidoptera_7088,Sphingidae_7128,Xylophanes_119289,25.0,0.1678506538080244
172,Dichrorampha_bugnionana,Insecta_50557,Lepidoptera_7088,Tortricidae_7139,Dichrorampha_581562,12.0,0.1677551956901313
73,Bradysia_moestula,Insecta_50557,Diptera_7147,Sciaridae_7184,Bradysia_35571,28.0,0.1677022246452886
180,Drosophila_albomicans,Insecta_50557,Diptera_7147,Drosophilidae_7214,Drosophila_7215,57.0,0.1674900638671856
41,Asphondylia_borrichiae,Insecta_50557,Diptera_7147,Cecidomyiidae_33406,Asphondylia_153012,96.0,0.167374729981762
355,Molippa_nibasa,Insecta_50557,Lepidoptera_7088,Saturniidae_7117,Molippa_167080,30.0,0.1669617211107566
413,Pheidole_rhinomontana,Insecta_50557,Hymenoptera_7399,Formicidae_36668,Pheidole_190769,24.0,0.1655922270452906
52,Baetis_brunneicolor,Insecta_50557,Ephemeroptera_30073,Baetidae_172515,Baetis_189838,32.0,0.1648630266206969
511,Tethea_or,Insecta_50557,Lepidoptera_7088,Drepanidae_104425,Tethea_721159,18.0,0.1648312469815737
50,Bactrocera_tuberculata,Insecta_50557,Diptera_7147,Tephritidae_7211,Bactrocera_27456,23.0,0.1646740986715686
537,Udea_uliginosalis,Insecta_50557,Lepidoptera_7088,Crambidae_268499,Udea_572908,17.0,0.1643487469465628
401,Parachironomus_frequens,Insecta_50557,Diptera_7147,Chironomidae_7149,Parachironomus_315554,10.0,0.1635096067961293
40,Asecodes_lucens,Insecta_50557,Hymenoptera_7399,Eulophidae_107755,Asecodes_108627,18.0,0.1632935954157583
132,Coccinella_trifasciata,Insecta_50557,Coleoptera_7041,Coccinellidae_7080,Coccinella_41138,33.0,0.1632006215222048
518,Thyanta_custator,Insecta_50557,Hemiptera_7524,Pentatomidae_160513,Thyanta_460026,12.0,0.1628267579530453
80,Caenis_diminuta,Insecta_50557,Ephemeroptera_30073,Caenidae_197146,Caenis_197147,18.0,0.162731858407658
110,Chironomus_anthracinus,Insecta_50557,Diptera_7147,Chironomidae_7149,Chironomus_7150,10.0,0.162728355188912
59,Bembidion_obtusum,Insecta_50557,Coleoptera_7041,Carabidae_41073,Bembidion_60800,23.0,0.1624774800746788
441,Polyplax_arvicanthis,Insecta_50557,Phthiraptera_85819,Polyplacidae_160145,Polyplax_364330,109.0,0.1621439191835691
56,Baetis_phoebus,Insecta_50557,Ephemeroptera_30073,Baetidae_172515,Baetis_189838,53.0,0.1619950815833869
416,Pherbellia_albocostata,Insecta_50557,Diptera_7147,Sciomyzidae_169447,Pherbellia_385269,58.0,0.1614801396258122
72,Brachypogon_sociabilis,Insecta_50557,Diptera_7147,Ceratopogonidae_41819,Brachypogon_209709,10.0,0.1614067099372822
86,Camponotus_novogranadensis,Insecta_50557,Hymenoptera_7399,Formicidae_36668,Camponotus_13390,26.0,0.1609617122208662
389,Ormyrus_labotus,Insecta_50557,Hymenoptera_7399,Ormyridae_272228,Ormyrus_272229,70.0,0.160896378685404
10,Agrilus_mali,Insecta_50557,Coleoptera_7041,Buprestidae_50527,Agrilus_195164,31.0,0.1602925736236866
194,Ecdyonurus_helveticus,Insecta_50557,Ephemeroptera_30073,Heptageniidae_178295,Ecdyonurus_309576,14.0,0.1595003759266787
268,Hemicrepidius_hirtus,Insecta_50557,Coleoptera_7041,Elateridae_30009,Hemicrepidius_219495,16.0,0.15948894575423
45,Bactra_furfurana,Insecta_50557,Lepidoptera_7088,Tortricidae_7139,Bactra_581390,18.0,0.159292034427312
348,Mesembrinella_batesi,Insecta_50557,Diptera_7147,Calliphoridae_7371,Mesembrinella_460529,13.0,0.1592365052287821
193,Ecclisomyia_conspersa,Insecta_50557,Trichoptera_30263,Limnephilidae_50645,Ecclisomyia_461719,19.0,0.1592070428306779
469,Rhithrogena_japonica,Insecta_50557,Ephemeroptera_30073,Heptageniidae_178295,Rhithrogena_307890,13.0,0.1591052115269879
187,Dynastes_hercules,Insecta_50557,Coleoptera_7041,Scarabaeidae_7055,Dynastes_60842,69.0,0.1591001890474067
346,Meloe_violaceus,Insecta_50557,Coleoptera_7041,Meloidae_34672,Meloe_34750,12.0,0.1590830419304149
0,Acroneuria_abnormis,Insecta_50557,Plecoptera_50622,Perlidae_51551,Acroneuria_219316,21.0,0.1589935787578336
118,Chrysolina_aurichalcea,Insecta_50557,Coleoptera_7041,Chrysomelidae_27439,Chrysolina_41125,20.0,0.1588887473157543
150,Culex_theileri,Insecta_50557,Diptera_7147,Culicidae_7157,Culex_7174,49.0,0.1587835211015359
57,Banasa_dimiata,Insecta_50557,Hemiptera_7524,Pentatomidae_160513,Banasa_631390,80.0,0.1587159400097841
279,Hydroporus_planus,Insecta_50557,Coleoptera_7041,Dytiscidae_50515,Hydroporus_107870,12.0,0.1586882818266276
451,Pseudodineura_fuscula,Insecta_50557,Hymenoptera_7399,Tenthredinidae_27532,Pseudodineura_362185,21.0,0.1586776287679623
450,Psectrocladius_oxyura,Insecta_50557,Diptera_7147,Chironomidae_7149,Psectrocladius_288848,60.0,0.158147212745925
38,Appasus_japonicus,Insecta_50557,Hemiptera_7524,Belostomatidae_38099,Appasus_697938,173.0,0.158070508402678
455,Psorodonotus_illyricus,Insecta_50557,Orthoptera_6993,Tettigoniidae_62784,Psorodonotus_470665,10.0,0.1580034448760088
185,Drunella_sachalinensis,Insecta_50557,Ephemeroptera_30073,Ephemerellidae_50633,Drunella_240913,19.0,0.1578391101374398
349,Metalectra_miserulata,Insecta_50557,Lepidoptera_7088,Erebidae_695564,Metalectra_688518,15.0,0.1576099774993423
53,Baetis_canariensis,Insecta_50557,Ephemeroptera_30073,Baetidae_172515,Baetis_189838,16.0,0.1574724448790353
312,Leuctra_hippopus,Insecta_50557,Plecoptera_50622,Leuctridae_143733,Leuctra_143734,60.0,0.1574492466877938
199,Epeorus_deceptivus,Insecta_50557,Ephemeroptera_30073,Heptageniidae_178295,Epeorus_185820,42.0,0.1573955715030811
55,Baetis_harrisoni,Insecta_50557,Ephemeroptera_30073,Baetidae_172515,Baetis_189838,28.0,0.1573000694199389
216,Erythromma_lindenii,Insecta_50557,Odonata_6961,Coenagrionidae_70895,Erythromma_197157,22.0,0.1569541262978512
430,Pilophorus_cinnamopterus,Insecta_50557,Hemiptera_7524,Miridae_30083,Pilophorus_237084,10.0,0.1563410046118354
502,Tachysphex_fulvitarsis,Insecta_50557,Hymenoptera_7399,Crabronidae_253718,Tachysphex_288418,24.0,0.1558602829052355
311,Leuctra_digitata,Insecta_50557,Plecoptera_50622,Leuctridae_143733,Leuctra_143734,50.0,0.1557241973197322
482,Serratella_micheneri,Insecta_50557,Ephemeroptera_30073,Ephemerellidae_50633,Serratella_604011,35.0,0.1556255474836062
9,Agrilus_cyanescens,Insecta_50557,Coleoptera_7041,Buprestidae_50527,Agrilus_195164,19.0,0.1556196508964351
333,Maladera_hortonensis,Insecta_50557,Coleoptera_7041,Scarabaeidae_7055,Maladera_360073,12.0,0.1551636703605911
83,Calosoma_leleuporum,Insecta_50557,Coleoptera_7041,Carabidae_41073,Calosoma_49408,18.0,0.1551140958581872
48,Bactrocera_nigrotibialis,Insecta_50557,Diptera_7147,Tephritidae_7211,Bactrocera_27456,19.0,0.1550348182463314
74,Bradysia_nitidicollis,Insecta_50557,Diptera_7147,Sciaridae_7184,Bradysia_35571,162.0,0.15465267149068
434,Platygaster_demades,Insecta_50557,Hymenoptera_7399,Platygastridae_81078,Platygaster_318579,18.0,0.154581005405108
422,Phloeodes_plicatus,Insecta_50557,Coleoptera_7041,Zopheridae_219432,Phloeodes_866759,31.0,0.1543747830550176
119,Chrysolina_varians,Insecta_50557,Coleoptera_7041,Chrysomelidae_27439,Chrysolina_41125,30.0,0.1543723309654334
500,Syssphinx_molina,Insecta_50557,Lepidoptera_7088,Saturniidae_7117,Syssphinx_316005,33.0,0.1542073252345667
157,Culicoides_vexans,Insecta_50557,Diptera_7147,Ceratopogonidae_41819,Culicoides_41820,17.0,0.1540204505142408
292,Ischnura_senegalensis,Insecta_50557,Odonata_6961,Coenagrionidae_70895,Ischnura_79456,69.0,0.1539521113472057
205,Ephoron_nigridorsum,Insecta_50557,Ephemeroptera_30073,Polymitarcyidae_241024,Ephoron_248184,50.0,0.1538058286014945
298,Isoperla_tripartita,Insecta_50557,Plecoptera_50622,Perlodidae_50623,Isoperla_143767,11.0,0.153719194913672
241,Euxoa_infausta,Insecta_50557,Lepidoptera_7088,Noctuidae_7100,Euxoa_214144,11.0,0.1536250046398941
65,Boletina_takagii,Insecta_50557,Diptera_7147,Mycetophilidae_29035,Boletina_397111,24.0,0.1535946255380924
27,Anthaxia_inornata,Insecta_50557,Coleoptera_7041,Buprestidae_50527,Anthaxia_324815,79.0,0.1533966806207374
374,Notiophilus_aquaticus,Insecta_50557,Coleoptera_7041,Carabidae_41073,Notiophilus_41307,26.0,0.1532958024713026
425,Phymata_borica,Insecta_50557,Hemiptera_7524,Phymatidae_237172,Phymata_237173,13.0,0.1532435291166101
201,Ephemerella_excrucians,Insecta_50557,Ephemeroptera_30073,Ephemerellidae_50633,Ephemerella_50634,18.0,0.1532100324202915
54,Baetis_fuscatus,Insecta_50557,Ephemeroptera_30073,Baetidae_172515,Baetis_189838,30.0,0.1530654701674761
153,Culicoides_ornatus,Insecta_50557,Diptera_7147,Ceratopogonidae_41819,Culicoides_41820,23.0,0.1528740709034018
520,Tinea_irrepta,Insecta_50557,Lepidoptera_7088,Tineidae_41012,Tinea_41013,17.0,0.1526994696672942
381,Ochthebius_notabilis,Insecta_50557,Coleoptera_7041,Hydraenidae_110044,Ochthebius_174908,58.0,0.152244834943225
116,Chostonectes_gigas,Insecta_50557,Coleoptera_7041,Dytiscidae_50515,Chostonectes_309209,17.0,0.1521383751399854
11,Agrilus_viridis,Insecta_50557,Coleoptera_7041,Buprestidae_50527,Agrilus_195164,57.0,0.1520508399327353
60,Bemisia_afer,Insecta_50557,Hemiptera_7524,Aleyrodidae_7036,Bemisia_7037,42.0,0.1519767244223422
496,Suillia_longipennis,Insecta_50557,Diptera_7147,Heleomyzidae_219548,Suillia_219549,147.0,0.1518607122121195
152,Culicoides_enderleini,Insecta_50557,Diptera_7147,Ceratopogonidae_41819,Culicoides_41820,41.0,0.151771908222701
184,Drunella_ishiyamana,Insecta_50557,Ephemeroptera_30073,Ephemerellidae_50633,Drunella_240913,24.0,0.1517209897308118
183,Drunella_doddsii,Insecta_50557,Ephemeroptera_30073,Ephemerellidae_50633,Drunella_240913,37.0,0.1511911435835879
443,Polythore_derivata,Insecta_50557,Odonata_6961,Polythoridae_126190,Polythore_364161,10.0,0.1507085212929851
318,Liriomyza_baptisiae,Insecta_50557,Diptera_7147,Agromyzidae_127399,Liriomyza_127403,27.0,0.1506271890785892
142,Copidosoma_bakeri,Insecta_50557,Hymenoptera_7399,Encyrtidae_29051,Copidosoma_29052,17.0,0.1505480375395395
419,Philonthus_flavibasis,Insecta_50557,Coleoptera_7041,Staphylinidae_29026,Philonthus_219450,24.0,0.1504285979519184
243,Fabriciana_adippe,Insecta_50557,Lepidoptera_7088,Nymphalidae_33415,Fabriciana_525812,68.0,0.1504022434454405
244,Fahrenholzia_reducta,Insecta_50557,Phthiraptera_85819,Polyplacidae_160145,Fahrenholzia_294760,10.0,0.1502731900870059
394,Oxytenis_beprea,Insecta_50557,Lepidoptera_7088,Saturniidae_7117,Oxytenis_475336,29.0,0.1501331817478564
136,Colotis_vestalis,Insecta_50557,Lepidoptera_7088,Pieridae_7114,Colotis_320189,17.0,0.1500602410940909
277,Hydriomena_ruberata,Insecta_50557,Lepidoptera_7088,Geometridae_82593,Hydriomena_104458,26.0,0.1498722219714739
377,Ochlerotatus_abserratus,Insecta_50557,Diptera_7147,Culicidae_7157,Ochlerotatus_190765,38.0,0.1497920055895849
313,Limbodessus_palmulaoides,Insecta_50557,Coleoptera_7041,Dytiscidae_50515,Limbodessus_196325,22.0,0.1496477848018057
156,Culicoides_stellifer,Insecta_50557,Diptera_7147,Ceratopogonidae_41819,Culicoides_41820,17.0,0.1493898232167782
485,Simulium_juxtacrenobium,Insecta_50557,Diptera_7147,Simuliidae_7190,Simulium_7191,12.0,0.1491464306333944
15,Amegilla_murrayensis,Insecta_50557,Hymenoptera_7399,Apidae_7458,Amegilla_261957,62.0,0.1491389168834593
444,Popplepsalta_annulata,Insecta_50557,Hemiptera_7524,Cicadidae_7033,Popplepsalta_1539279,13.0,0.1489024417721275
321,Loxostege_sticticalis,Insecta_50557,Lepidoptera_7088,Crambidae_268499,Loxostege_481308,55.0,0.1488446882065266
100,Ceraclea_annulicornis,Insecta_50557,Trichoptera_30263,Leptoceridae_50642,Ceraclea_177832,38.0,0.1487481205561656
237,Eurylophella_temporalis,Insecta_50557,Ephemeroptera_30073,Ephemerellidae_50633,Eurylophella_219546,17.0,0.1474767354911975
378,Ochlerotatus_implicatus,Insecta_50557,Diptera_7147,Culicidae_7157,Ochlerotatus_190765,18.0,0.1472880933120784
91,Capnia_vidua,Insecta_50557,Plecoptera_50622,Capniidae_143699,Capnia_173782,11.0,0.1470399202880786
497,Suillia_nemorum,Insecta_50557,Diptera_7147,Heleomyzidae_219548,Suillia_219549,1005.0,0.1464229374760122
310,Leucrocuta_hebe,Insecta_50557,Ephemeroptera_30073,Heptageniidae_178295,Leucrocuta_197167,59.0,0.1464132735290245
536,Tychius_breviusculus,Insecta_50557,Coleoptera_7041,Curculionidae_7042,Tychius_202188,12.0,0.1463012736968362
3,Acrotrichis_insularis,Insecta_50557,Coleoptera_7041,Ptiliidae_75545,Acrotrichis_280319,12.0,0.1460421376029091
331,Macrosteles_tesselatus,Insecta_50557,Hemiptera_7524,Cicadellidae_30102,Macrosteles_30137,83.0,0.1460201697684591
267,Hemerobius_humulinus,Insecta_50557,Neuroptera_7516,Hemerobiidae_50435,Hemerobius_50436,101.0,0.1459103413149174
405,Paroster_microsturtensis,Insecta_50557,Coleoptera_7041,Dytiscidae_50515,Paroster_107920,84.0,0.1455044660135812
294,Isonychia_valida,Insecta_50557,Ephemeroptera_30073,Isonychiidae_219466,Isonychia_219470,346.0,0.1450808734332459
296,Isoperla_grammatica,Insecta_50557,Plecoptera_50622,Perlodidae_50623,Isoperla_143767,59.0,0.1449420349219245
504,Tanytarsus_inextentus,Insecta_50557,Diptera_7147,Chironomidae_7149,Tanytarsus_288802,10.0,0.1448754458521639
93,Carabus_procerulus,Insecta_50557,Coleoptera_7041,Carabidae_41073,Carabus_41074,11.0,0.1448696215329488
320,Lochmaeus_bilineata,Insecta_50557,Lepidoptera_7088,Notodontidae_37571,Lochmaeus_214191,27.0,0.144843988142919
382,Odontomachus_coquereli,Insecta_50557,Hymenoptera_7399,Formicidae_36668,Odontomachus_43086,65.0,0.144739162220387
63,Blastobasis_glandulella,Insecta_50557,Lepidoptera_7088,Blastobasidae_173649,Blastobasis_655692,85.0,0.1445735931681104
438,Polygraphus_proximus,Insecta_50557,Coleoptera_7041,Curculionidae_7042,Polygraphus_141177,16.0,0.1443875002841732
88,Camponotus_rufipes,Insecta_50557,Hymenoptera_7399,Formicidae_36668,Camponotus_13390,27.0,0.1443441701062059
540,Verodes_inaequalis,Insecta_50557,Coleoptera_7041,Zopheridae_219432,Verodes_1112887,23.0,0.1443201150834662
525,Trachys_minutus,Insecta_50557,Coleoptera_7041,Buprestidae_50527,Trachys_195302,17.0,0.1441375920417128
380,Ochlerotatus_serratus,Insecta_50557,Diptera_7147,Culicidae_7157,Ochlerotatus_190765,26.0,0.1438891729858932
77,Busseola_fusca,Insecta_50557,Lepidoptera_7088,Noctuidae_7100,Busseola_236772,37.0,0.1435107376013289
47,Bactrocera_musae,Insecta_50557,Diptera_7147,Tephritidae_7211,Bactrocera_27456,27.0,0.1434701705146817
138,Conophthorus_ponderosae,Insecta_50557,Coleoptera_7041,Curculionidae_7042,Conophthorus_322464,32.0,0.1432929843945538
151,Culicoides_arakawae,Insecta_50557,Diptera_7147,Ceratopogonidae_41819,Culicoides_41820,47.0,0.1432819744624692
493,Stenodema_calcarata,Insecta_50557,Hemiptera_7524,Miridae_30083,Stenodema_567524,10.0,0.1432587616316238
101,Ceraclea_fulva,Insecta_50557,Trichoptera_30263,Leptoceridae_50642,Ceraclea_177832,10.0,0.1432549570897878
388,Ophraella_communa,Insecta_50557,Coleoptera_7041,Chrysomelidae_27439,Ophraella_38157,66.0,0.1432131885958946
140,Contacyphon_obscurus,Insecta_50557,Coleoptera_7041,Scirtidae_110010,Contacyphon_1569076,313.0,0.1429326976629954
221,Eulaema_bombiformis,Insecta_50557,Hymenoptera_7399,Apidae_7458,Eulaema_28646,39.0,0.1429113473332493
182,Drunella_basalis,Insecta_50557,Ephemeroptera_30073,Ephemerellidae_50633,Drunella_240913,48.0,0.1428433277262253
352,Misolampus_gibbulus,Insecta_50557,Coleoptera_7041,Tenebrionidae_7065,Misolampus_57057,12.0,0.1428358108277166
271,Hetaerina_americana,Insecta_50557,Odonata_6961,Calopterygidae_50489,Hetaerina_62017,70.0,0.1421670755396668
79,Cacopsylla_crataegi,Insecta_50557,Hemiptera_7524,Psyllidae_30092,Cacopsylla_121835,10.0,0.1419770749106775
219,Eucnecosum_brachypterum,Insecta_50557,Coleoptera_7041,Staphylinidae_29026,Eucnecosum_1483925,10.0,0.1419407554001125
85,Camponotus_japonicus,Insecta_50557,Hymenoptera_7399,Formicidae_36668,Camponotus_13390,16.0,0.1416269514309997
327,Maccaffertium_ithaca,Insecta_50557,Ephemeroptera_30073,Heptageniidae_178295,Maccaffertium_603960,27.0,0.1414809109687141
141,Copaxa_sophronia,Insecta_50557,Lepidoptera_7088,Saturniidae_7117,Copaxa_180265,10.0,0.1413659169725445
494,Stenophylax_nycterobius,Insecta_50557,Trichoptera_30263,Limnephilidae_50645,Stenophylax_1271745,11.0,0.1411755441415723
169,Devadatta_clavicauda,Insecta_50557,Odonata_6961,Amphyipterygidae_126186,Devadatta_476741,12.0,0.141123708795179
505,Tanytarsus_niger,Insecta_50557,Diptera_7147,Chironomidae_7149,Tanytarsus_288802,19.0,0.1409893846750904
130,Claustropyga_corticis,Insecta_50557,Diptera_7147,Sciaridae_7184,Claustropyga_1817658,13.0,0.1407590246302096
208,Epinotia_subocellana,Insecta_50557,Lepidoptera_7088,Tortricidae_7139,Epinotia_29054,13.0,0.14071843738433
521,Togoperla_brevispinis,Insecta_50557,Plecoptera_50622,Perlidae_51551,Togoperla_871533,15.0,0.1406774644718547
206,Ephoron_shigae,Insecta_50557,Ephemeroptera_30073,Polymitarcyidae_241024,Ephoron_248184,179.0,0.14016656846187
133,Coenonympha_dorus,Insecta_50557,Lepidoptera_7088,Nymphalidae_33415,Coenonympha_111893,23.0,0.1399470159993548
278,Hydrobaenus_conformis,Insecta_50557,Diptera_7147,Chironomidae_7149,Hydrobaenus_611358,86.0,0.1397381575619658
266,Helopeltis_bradyi,Insecta_50557,Hemiptera_7524,Miridae_30083,Helopeltis_237374,17.0,0.1395176983569925
479,Sepedon_fuscipennis,Insecta_50557,Diptera_7147,Sciomyzidae_169447,Sepedon_320954,16.0,0.1393832922302351
22,Andrena_nitida,Insecta_50557,Hymenoptera_7399,Andrenidae_48719,Andrena_48720,20.0,0.1393509523793504
460,Ptomaphaginus_similipes,Insecta_50557,Coleoptera_7041,Leiodidae_66535,Ptomaphaginus_1684999,10.0,0.1389628568945167
250,Frankliniella_occidentalis,Insecta_50557,Thysanoptera_30262,Thripidae_45053,Frankliniella_45059,318.0,0.1388975394076766
548,Zapada_columbiana,Insecta_50557,Plecoptera_50622,Nemouridae_62802,Zapada_466842,22.0,0.1385609399687989
362,Myrmica_spinosior,Insecta_50557,Hymenoptera_7399,Formicidae_36668,Myrmica_27492,50.0,0.1384557199786057
175,Dolichoderus_thoracicus,Insecta_50557,Hymenoptera_7399,Formicidae_36668,Dolichoderus_121500,17.0,0.1384010374056918
117,Chrysocharis_nautius,Insecta_50557,Hymenoptera_7399,Eulophidae_107755,Chrysocharis_108631,15.0,0.1381927568660056
549,Zygaena_osterodensis,Insecta_50557,Lepidoptera_7088,Zygaenidae_115354,Zygaena_287110,12.0,0.1381642778604786
339,Melanoplus_differentialis,Insecta_50557,Orthoptera_6993,Acrididae_7002,Melanoplus_30252,47.0,0.0088082319222909
439,Polyommatus_thersites,Insecta_50557,Lepidoptera_7088,Lycaenidae_27544,Polyommatus_265382,46.0,0.0088055798439695
347,Merodon_virgatus,Insecta_50557,Diptera_7147,Syrphidae_34680,Merodon_224226,10.0,0.0087924364308993
452,Pseudophilotes_abencerragus,Insecta_50557,Lepidoptera_7088,Lycaenidae_27544,Pseudophilotes_282379,23.0,0.0087851920867452
383,Oedaleus_decorus,Insecta_50557,Orthoptera_6993,Acrididae_7002,Oedaleus_227570,17.0,0.0087759912564527
105,Cheilosia_urbana,Insecta_50557,Diptera_7147,Syrphidae_34680,Cheilosia_173981,16.0,0.0086770628419675
491,Spodoptera_exigua,Insecta_50557,Lepidoptera_7088,Noctuidae_7100,Spodoptera_7106,208.0,0.0086736777942911
173,Dichrorampha_montanana,Insecta_50557,Lepidoptera_7088,Tortricidae_7139,Dichrorampha_581562,14.0,0.008669594506549
358,Mordellochroa_abdominalis,Insecta_50557,Coleoptera_7041,Mordellidae_219430,Mordellochroa_878197,10.0,0.0086495601850764
23,Andrena_subopaca,Insecta_50557,Hymenoptera_7399,Andrenidae_48719,Andrena_48720,23.0,0.0086464945500151
230,Euphilotes_battoides,Insecta_50557,Lepidoptera_7088,Lycaenidae_27544,Euphilotes_132699,123.0,0.0086407081253192
226,Eumerus_strigatus,Insecta_50557,Diptera_7147,Syrphidae_34680,Eumerus_224220,12.0,0.0086315650017726
300,Laccophilus_alluaudi,Insecta_50557,Coleoptera_7041,Dytiscidae_50515,Laccophilus_107891,26.0,0.0084455606758746
36,Apis_florea,Insecta_50557,Hymenoptera_7399,Apidae_7458,Apis_7459,32.0,0.008397681022058
371,Neoponera_crenata,Insecta_50557,Hymenoptera_7399,Formicidae_36668,Neoponera_1720226,20.0,0.0083842751695161
490,Sphenarium_purpurascens,Insecta_50557,Orthoptera_6993,Pyrgomorphidae_58543,Sphenarium_1603972,30.0,0.0083009368688378
435,Pococera_aplastella,Insecta_50557,Lepidoptera_7088,Pyralidae_7135,Pococera_710600,60.0,0.0082820540862855
84,Campoletis_sonorensis,Insecta_50557,Hymenoptera_7399,Ichneumonidae_7408,Campoletis_7415,12.0,0.0082557617608012
471,Sarcophaga_misera,Insecta_50557,Diptera_7147,Sarcophagidae_7381,Sarcophaga_7384,33.0,0.0082223535624882
463,Pyrausta_tyralis,Insecta_50557,Lepidoptera_7088,Crambidae_268499,Pyrausta_582143,14.0,0.0082167892991155
429,Phytomia_incisa,Insecta_50557,Diptera_7147,Syrphidae_34680,Phytomia_1463626,14.0,0.0081723843873167
478,Scoparia_simplicissima,Insecta_50557,Lepidoptera_7088,Crambidae_268499,Scoparia_572917,12.0,0.008134439873931
20,Anaea_troglodyta,Insecta_50557,Lepidoptera_7088,Nymphalidae_33415,Anaea_42262,11.0,0.0081066673822317
99,Cephus_cinctus,Insecta_50557,Hymenoptera_7399,Cephidae_27524,Cephus_173784,74.0,0.0081050399226403
81,Callisto_coffeella,Insecta_50557,Lepidoptera_7088,Gracillariidae_98966,Callisto_198986,18.0,0.0080769476495817
531,Trimerotropis_pallidipennis,Insecta_50557,Orthoptera_6993,Acrididae_7002,Trimerotropis_37253,133.0,0.0080697072727633
397,Pachyneuron_groenlandicum,Insecta_50557,Hymenoptera_7399,Pteromalidae_7423,Pachyneuron_320997,20.0,0.0080341934998092
411,Phaulacridium_otagoense,Insecta_50557,Orthoptera_6993,Acrididae_7002,Phaulacridium_1124736,11.0,0.0079183051710092
42,Asteromyia_chrysothamni,Insecta_50557,Diptera_7147,Cecidomyiidae_33406,Asteromyia_356843,17.0,0.0078970657480629
367,Nebria_paradisi,Insecta_50557,Coleoptera_7041,Carabidae_41073,Nebria_60834,19.0,0.0078663973745427
109,Chionaspis_pinifoliae,Insecta_50557,Hemiptera_7524,Diaspididae_30080,Chionaspis_340492,134.0,0.0078582198335585
145,Cryptophasa_russata,Insecta_50557,Lepidoptera_7088,Xyloryctidae_347744,Cryptophasa_753297,11.0,0.0078517725541909
404,Parnassius_clodius,Insecta_50557,Lepidoptera_7088,Papilionidae_7143,Parnassius_42291,31.0,0.0078288476438191
447,Pristiphora_punctifrons,Insecta_50557,Hymenoptera_7399,Tenthredinidae_27532,Pristiphora_362175,19.0,0.0078232090092857
454,Psilocorsis_quercicella,Insecta_50557,Lepidoptera_7088,Depressariidae_2681869,Psilocorsis_347802,22.0,0.0078159080334354
262,Graphium_sarpedon,Insecta_50557,Lepidoptera_7088,Papilionidae_7143,Graphium_76204,13.0,0.0078028703227281
270,Hermeuptychia_hermes,Insecta_50557,Lepidoptera_7088,Nymphalidae_33415,Hermeuptychia_42285,35.0,0.007800305513023
147,Cryptus_albitarsis,Insecta_50557,Hymenoptera_7399,Ichneumonidae_7408,Cryptus_273763,60.0,0.0077947337726693
459,Pterostoma_palpinum,Insecta_50557,Lepidoptera_7088,Notodontidae_37571,Pterostoma_987446,17.0,0.0077405251972861
338,Melanoplus_bivittatus,Insecta_50557,Orthoptera_6993,Acrididae_7002,Melanoplus_30252,25.0,0.0077405073521645
344,Mellicta_britomartis,Insecta_50557,Lepidoptera_7088,Nymphalidae_33415,Mellicta_596672,31.0,0.007737637192006
426,Phymata_pacifica,Insecta_50557,Hemiptera_7524,Phymatidae_237172,Phymata_237173,14.0,0.0077286386449618
384,Oeneis_uhleri,Insecta_50557,Lepidoptera_7088,Nymphalidae_33415,Oeneis_100746,27.0,0.0076629822390389
337,Melanargia_lachesis,Insecta_50557,Lepidoptera_7088,Nymphalidae_33415,Melanargia_111922,15.0,0.007660585621503
532,Trissolcus_semistriatus,Insecta_50557,Hymenoptera_7399,Scelionidae_32417,Trissolcus_32420,18.0,0.0076340451646851
227,Eumerus_sulcitibius,Insecta_50557,Diptera_7147,Syrphidae_34680,Eumerus_224220,13.0,0.007592092707039
474,Satyrium_esculi,Insecta_50557,Lepidoptera_7088,Lycaenidae_27544,Satyrium_266948,10.0,0.0075367685091538
468,Rhagoletis_indifferens,Insecta_50557,Diptera_7147,Tephritidae_7211,Rhagoletis_28609,11.0,0.0075192173832276
345,Mellicta_varia,Insecta_50557,Lepidoptera_7088,Nymphalidae_33415,Mellicta_596672,25.0,0.0075128696368853
160,Curculio_elephas,Insecta_50557,Coleoptera_7041,Curculionidae_7042,Curculio_13024,40.0,0.0075009160871895
129,Cisthene_liberomacula,Insecta_50557,Lepidoptera_7088,Erebidae_695564,Cisthene_517638,18.0,0.0074625229978429
534,Trypoxylon_frigidum,Insecta_50557,Hymenoptera_7399,Crabronidae_253718,Trypoxylon_421378,107.0,0.0074333345924989
171,Dichogama_colotha,Insecta_50557,Lepidoptera_7088,Crambidae_268499,Dichogama_1134242,16.0,0.0073946994752332
547,Zale_strigimacula,Insecta_50557,Lepidoptera_7088,Erebidae_695564,Zale_199471,10.0,0.0073528135851644
508,Temnothorax_nylanderi,Insecta_50557,Hymenoptera_7399,Formicidae_36668,Temnothorax_300110,12.0,0.0073518940067992
274,Holcoponera_strigata,Insecta_50557,Hymenoptera_7399,Formicidae_36668,Holcoponera_2925256,32.0,0.0072869779732454
232,Eupithecia_subumbrata,Insecta_50557,Lepidoptera_7088,Geometridae_82593,Eupithecia_214137,14.0,0.0072474692016382
541,Wyeomyia_aporonoma,Insecta_50557,Diptera_7147,Culicidae_7157,Wyeomyia_174620,19.0,0.0072451692157743
372,Neoponera_villosa,Insecta_50557,Hymenoptera_7399,Formicidae_36668,Neoponera_1720226,64.0,0.0072056642432986
480,Sergentomyia_insularis,Insecta_50557,Diptera_7147,Psychodidae_7197,Sergentomyia_59270,13.0,0.0071942774364157
225,Eumerus_pusillus,Insecta_50557,Diptera_7147,Syrphidae_34680,Eumerus_224220,13.0,0.0071865465240129
448,Prodoxus_quinquepunctellus,Insecta_50557,Lepidoptera_7088,Prodoxidae_28660,Prodoxus_28676,39.0,0.0071667016073476
466,Pyrgus_serratulae,Insecta_50557,Lepidoptera_7088,Hesperiidae_40093,Pyrgus_40102,28.0,0.0070944425937392
248,Formica_rufa,Insecta_50557,Hymenoptera_7399,Formicidae_36668,Formica_72766,17.0,0.0069735840251607
457,Pterostichus_madidus,Insecta_50557,Coleoptera_7041,Carabidae_41073,Pterostichus_41078,10.0,0.0069585747268094
475,Saurita_afflicta,Insecta_50557,Lepidoptera_7088,Erebidae_695564,Saurita_694979,17.0,0.0069488590805178
501,Tachypeza_nubila,Insecta_50557,Diptera_7147,Hybotidae_1446258,Tachypeza_626657,21.0,0.0069396229210077
423,Phygadeuon_fumator,Insecta_50557,Hymenoptera_7399,Ichneumonidae_7408,Phygadeuon_151710,10.0,0.0069173307868118
108,Chilo_sacchariphagus,Insecta_50557,Lepidoptera_7088,Crambidae_268499,Chilo_168630,40.0,0.0068644357981045
465,Pyrgus_cinarae,Insecta_50557,Lepidoptera_7088,Hesperiidae_40093,Pyrgus_40102,27.0,0.0068434932271842
146,Cryptopone_gilva,Insecta_50557,Hymenoptera_7399,Formicidae_36668,Cryptopone_255800,15.0,0.0067830642898359
125,Cinara_pinivora,Insecta_50557,Hemiptera_7524,Aphididae_27482,Cinara_97051,10.0,0.0067413443521449
222,Eulepidotis_rectimargo,Insecta_50557,Lepidoptera_7088,Erebidae_695564,Eulepidotis_695570,43.0,0.0067368993883217
188,Dyscia_raunaria,Insecta_50557,Lepidoptera_7088,Geometridae_82593,Dyscia_172923,12.0,0.0067144253968455
291,Iridopsis_vellivolata,Insecta_50557,Lepidoptera_7088,Geometridae_82593,Iridopsis_572865,12.0,0.0067133301652345
322,Lycaena_alciphron,Insecta_50557,Lepidoptera_7088,Lycaenidae_27544,Lycaena_265359,51.0,0.006689314844016
261,Graphium_doson,Insecta_50557,Lepidoptera_7088,Papilionidae_7143,Graphium_76204,19.0,0.006485111233597
431,Pipiza_femoralis,Insecta_50557,Diptera_7147,Syrphidae_34680,Pipiza_221788,12.0,0.0064159097172234
326,Lygus_elisus,Insecta_50557,Hemiptera_7524,Miridae_30083,Lygus_30084,25.0,0.0064124947313105
488,Smicridea_fasciatella,Insecta_50557,Trichoptera_30263,Hydropsychidae_41030,Smicridea_177886,11.0,0.006373984563347
104,Cheilosia_albitarsis,Insecta_50557,Diptera_7147,Syrphidae_34680,Cheilosia_173981,13.0,0.0063486876317171
364,Mythimna_separata,Insecta_50557,Lepidoptera_7088,Noctuidae_7100,Mythimna_103830,140.0,0.0061864927104211
224,Eumerus_pulchellus,Insecta_50557,Diptera_7147,Syrphidae_34680,Eumerus_224220,31.0,0.0061601247929067
229,Euphilotes_ancilla,Insecta_50557,Lepidoptera_7088,Lycaenidae_27544,Euphilotes_132699,26.0,0.0061143145379807
462,Pyrausta_aerealis,Insecta_50557,Lepidoptera_7088,Crambidae_268499,Pyrausta_582143,10.0,0.0060937202754282
440,Polypedilum_bullum,Insecta_50557,Diptera_7147,Chironomidae_7149,Polypedilum_54968,11.0,0.0060274926160553
412,Pheidole_fallax,Insecta_50557,Hymenoptera_7399,Formicidae_36668,Pheidole_190769,20.0,0.0060176353719702
218,Euclystis_guerini,Insecta_50557,Lepidoptera_7088,Erebidae_695564,Euclystis_695657,10.0,0.0059936747031625
305,Leptogenys_angusta,Insecta_50557,Hymenoptera_7399,Formicidae_36668,Leptogenys_219782,22.0,0.0059855998738264
332,Macrostemum_ulmeri,Insecta_50557,Trichoptera_30263,Hydropsychidae_41030,Macrostemum_147300,10.0,0.0059839739377161
290,Ipimorpha_subtusa,Insecta_50557,Lepidoptera_7088,Noctuidae_7100,Ipimorpha_689132,14.0,0.0059721985175995
421,Phlebotomus_major,Insecta_50557,Diptera_7147,Psychodidae_7197,Phlebotomus_13203,12.0,0.005924673713033
220,Eudasyphora_canadiana,Insecta_50557,Diptera_7147,Muscidae_7366,Eudasyphora_559674,39.0,0.0059035642240548
29,Aoplus_altercator,Insecta_50557,Hymenoptera_7399,Ichneumonidae_7408,Aoplus_1419306,17.0,0.0058533826710714
334,Manduca_florestan,Insecta_50557,Lepidoptera_7088,Sphingidae_7128,Manduca_7129,42.0,0.0058261812981251
449,Proteinus_ovalis,Insecta_50557,Coleoptera_7041,Staphylinidae_29026,Proteinus_66321,10.0,0.005793516305927
217,Essigella_fusca,Insecta_50557,Hemiptera_7524,Aphididae_27482,Essigella_97053,21.0,0.0057472461061108
34,Apis_andreniformis,Insecta_50557,Hymenoptera_7399,Apidae_7458,Apis_7459,16.0,0.0057382603743099
317,Limnophyes_pentaplastus,Insecta_50557,Diptera_7147,Chironomidae_7149,Limnophyes_190098,10.0,0.0056141935037769
354,Mocis_latipes,Insecta_50557,Lepidoptera_7088,Erebidae_695564,Mocis_691654,57.0,0.0055662013075029
360,Mycocepurus_goeldii,Insecta_50557,Hymenoptera_7399,Formicidae_36668,Mycocepurus_34711,11.0,0.0055331278532514
492,Stalachtis_phlegia,Insecta_50557,Lepidoptera_7088,Riodinidae_124343,Stalachtis_1704444,29.0,0.0054304583750587
249,Formica_subsericea,Insecta_50557,Hymenoptera_7399,Formicidae_36668,Formica_72766,11.0,0.0053907697832092
2,Acronicta_tridens,Insecta_50557,Lepidoptera_7088,Noctuidae_7100,Acronicta_56362,10.0,0.0053465465176646
376,Nymphalis_progne,Insecta_50557,Lepidoptera_7088,Nymphalidae_33415,Nymphalis_76218,57.0,0.0053451552728127
114,Choristoneura_fumiferana,Insecta_50557,Lepidoptera_7088,Tortricidae_7139,Choristoneura_7140,47.0,0.0053381895455425
445,Prays_oleae,Insecta_50557,Lepidoptera_7088,Praydidae_397428,Prays_572879,56.0,0.0052797584601638
122,Cinara_cuneomaculata,Insecta_50557,Hemiptera_7524,Aphididae_27482,Cinara_97051,22.0,0.0052614779018823
16,Ametastegia_tenera,Insecta_50557,Hymenoptera_7399,Tenthredinidae_27532,Ametastegia_655805,20.0,0.0052570222399933
464,Pyrgus_armoricanus,Insecta_50557,Lepidoptera_7088,Hesperiidae_40093,Pyrgus_40102,34.0,0.0052493768161323
64,Blastophaga_nipponica,Insecta_50557,Hymenoptera_7399,Agaonidae_75187,Blastophaga_129988,82.0,0.0052442342768651
512,Tetragonula_hockingsi,Insecta_50557,Hymenoptera_7399,Apidae_7458,Tetragonula_398144,12.0,0.0051987582295268
164,Dasypoda_hirtipes,Insecta_50557,Hymenoptera_7399,Melittidae_156323,Dasypoda_253708,31.0,0.0051922157489018
302,Laccophilus_poecilus,Insecta_50557,Coleoptera_7041,Dytiscidae_50515,Laccophilus_107891,11.0,0.0051765853539948
513,Tetramorium_pumilio,Insecta_50557,Hymenoptera_7399,Formicidae_36668,Tetramorium_30204,13.0,0.0050879566821001
281,Hydropsyche_infernalis,Insecta_50557,Trichoptera_30263,Hydropsychidae_41030,Hydropsyche_50443,16.0,0.0050843247511435
233,Euproctis_subflava,Insecta_50557,Lepidoptera_7088,Erebidae_695564,Euproctis_319798,15.0,0.0050514703006448
284,Hyles_euphorbiae,Insecta_50557,Lepidoptera_7088,Sphingidae_7128,Hyles_103889,149.0,0.0050399880578196
308,Leptogenys_truncatirostris,Insecta_50557,Hymenoptera_7399,Formicidae_36668,Leptogenys_219782,22.0,0.0049814733920379
98,Cephetola_maculata,Insecta_50557,Lepidoptera_7088,Lycaenidae_27544,Cephetola_2705748,17.0,0.004977207130784
186,Dusona_minor,Insecta_50557,Hymenoptera_7399,Ichneumonidae_7408,Dusona_65150,111.0,0.0049608135277598
231,Euphydryas_intermedia,Insecta_50557,Lepidoptera_7088,Nymphalidae_33415,Euphydryas_104501,14.0,0.0049604468113412
6,Aedes_nipponicus,Insecta_50557,Diptera_7147,Culicidae_7157,Aedes_7158,11.0,0.0049414363141398
167,Dematochroma_terastiomerus,Insecta_50557,Coleoptera_7041,Chrysomelidae_27439,Dematochroma_1306676,15.0,0.0049377560585101
75,Brenthis_daphne,Insecta_50557,Lepidoptera_7088,Nymphalidae_33415,Brenthis_405031,56.0,0.0049250897002367
263,Graphosoma_lineatum,Insecta_50557,Hemiptera_7524,Pentatomidae_160513,Graphosoma_57297,18.0,0.004899461707569
456,Pterostichus_balachowskyi,Insecta_50557,Coleoptera_7041,Carabidae_41073,Pterostichus_41078,20.0,0.0048775713536385
285,Hylesia_continua,Insecta_50557,Lepidoptera_7088,Saturniidae_7117,Hylesia_315985,53.0,0.0048613281003256
198,Empria_tridens,Insecta_50557,Hymenoptera_7399,Tenthredinidae_27532,Empria_765352,10.0,0.0048297496660144
257,Galeruca_daurica,Insecta_50557,Coleoptera_7041,Chrysomelidae_27439,Galeruca_217233,62.0,0.0048135398558801
446,Pristiphora_bifida,Insecta_50557,Hymenoptera_7399,Tenthredinidae_27532,Pristiphora_362175,38.0,0.0047840937086697
498,Synergus_punctatus,Insecta_50557,Hymenoptera_7399,Cynipidae_73401,Synergus_167038,10.0,0.0047769070800237
95,Cassida_viridis,Insecta_50557,Coleoptera_7041,Chrysomelidae_27439,Cassida_111201,11.0,0.0047649858736689
67,Bombus_ephippiatus,Insecta_50557,Hymenoptera_7399,Apidae_7458,Bombus_28641,46.0,0.0046648531411605
128,Cinara_tujafilina,Insecta_50557,Hemiptera_7524,Aphididae_27482,Cinara_97051,25.0,0.0046102331889142
113,Choreutis_basalis,Insecta_50557,Lepidoptera_7088,Choreutidae_219287,Choreutis_582171,10.0,0.0045653441264996
280,Hydropsyche_dinarica,Insecta_50557,Trichoptera_30263,Hydropsychidae_41030,Hydropsyche_50443,15.0,0.0045527930179291
235,Eurydema_maracandica,Insecta_50557,Hemiptera_7524,Pentatomidae_160513,Eurydema_286700,30.0,0.0045156277835911
127,Cinara_terminalis,Insecta_50557,Hemiptera_7524,Aphididae_27482,Cinara_97051,16.0,0.0044567182475686
258,Gastropacha_populifolia,Insecta_50557,Lepidoptera_7088,Lasiocampidae_7096,Gastropacha_469221,15.0,0.0044316706236003
351,Miscophus_spurius,Insecta_50557,Hymenoptera_7399,Crabronidae_253718,Miscophus_421351,10.0,0.0044316263355653
415,Phenacoccus_solani,Insecta_50557,Hemiptera_7524,Pseudococcidae_30190,Phenacoccus_249510,36.0,0.0043864827677832
546,Zale_declarans,Insecta_50557,Lepidoptera_7088,Erebidae_695564,Zale_199471,39.0,0.0043044163941104
148,Cuerna_alpina,Insecta_50557,Hemiptera_7524,Cicadellidae_30102,Cuerna_139699,12.0,0.004275676896303
330,Macroplea_mutica,Insecta_50557,Coleoptera_7041,Chrysomelidae_27439,Macroplea_408113,39.0,0.0042743541734525
228,Eupeodes_corollae,Insecta_50557,Diptera_7147,Syrphidae_34680,Eupeodes_290403,41.0,0.0042531042234398
356,Monomorium_cyaneum,Insecta_50557,Hymenoptera_7399,Formicidae_36668,Monomorium_55077,52.0,0.0042241395534463
37,Apis_koschevnikovi,Insecta_50557,Hymenoptera_7399,Apidae_7458,Apis_7459,17.0,0.0042099585019162
210,Erebia_arvernensis,Insecta_50557,Lepidoptera_7088,Nymphalidae_33415,Erebia_111897,16.0,0.0041285989959225
467,Rhagoletis_cingulata,Insecta_50557,Diptera_7147,Tephritidae_7211,Rhagoletis_28609,31.0,0.0040636455662207
189,Dysmicoccus_brevipes,Insecta_50557,Hemiptera_7524,Pseudococcidae_30190,Dysmicoccus_38113,27.0,0.0040516132066439
282,Hydropsyche_siltalai,Insecta_50557,Trichoptera_30263,Hydropsychidae_41030,Hydropsyche_50443,39.0,0.0040139915440052
273,Himalopsyche_tibetana,Insecta_50557,Trichoptera_30263,Rhyacophilidae_177631,Himalopsyche_1192289,11.0,0.003970219387049
481,Sericomyrmex_opacus,Insecta_50557,Hymenoptera_7399,Formicidae_36668,Sericomyrmex_34715,15.0,0.00393275343942
163,Daphnis_placida,Insecta_50557,Lepidoptera_7088,Sphingidae_7128,Daphnis_522809,16.0,0.0039083613699824
400,Papilio_aegeus,Insecta_50557,Lepidoptera_7088,Papilionidae_7143,Papilio_7145,10.0,0.0038403779463383
247,Formica_obscuripes,Insecta_50557,Hymenoptera_7399,Formicidae_36668,Formica_72766,39.0,0.0036187502391871
19,Amphipoea_fucosa,Insecta_50557,Lepidoptera_7088,Noctuidae_7100,Amphipoea_688395,18.0,0.0035841670688377
21,Ancylis_divisana,Insecta_50557,Lepidoptera_7088,Tortricidae_7139,Ancylis_581395,12.0,0.003552418676134
303,Lasioglossum_villosulum,Insecta_50557,Hymenoptera_7399,Halictidae_77572,Lasioglossum_88467,69.0,0.0035475455454436
533,Trypoxylon_figulus,Insecta_50557,Hymenoptera_7399,Crabronidae_253718,Trypoxylon_421378,12.0,0.0035357567445841
115,Choristoneura_rosaceana,Insecta_50557,Lepidoptera_7088,Tortricidae_7139,Choristoneura_7140,81.0,0.0033036678515628
506,Telegonus_anaphus,Insecta_50557,Lepidoptera_7088,Hesperiidae_40093,Telegonus_2233763,58.0,0.0032248472135063
1,Acronicta_fallax,Insecta_50557,Lepidoptera_7088,Noctuidae_7100,Acronicta_56362,16.0,0.0032138687024994
121,Chrysops_dispar,Insecta_50557,Diptera_7147,Tabanidae_7205,Chrysops_27458,25.0,0.0031855162807634
252,Gabara_distema,Insecta_50557,Lepidoptera_7088,Erebidae_695564,Gabara_706050,20.0,0.0030839253683431
26,Anopheles_parensis,Insecta_50557,Diptera_7147,Culicidae_7157,Anopheles_7164,12.0,0.0030560377831898
76,Bruchus_pisorum,Insecta_50557,Coleoptera_7041,Chrysomelidae_27439,Bruchus_79500,11.0,0.0029970015654709
259,Glaucopsyche_alexis,Insecta_50557,Lepidoptera_7088,Lycaenidae_27544,Glaucopsyche_203780,38.0,0.0029874047254661
509,Tenthredo_aaliensis,Insecta_50557,Hymenoptera_7399,Tenthredinidae_27532,Tenthredo_112291,12.0,0.0029449533430178
24,Anopheles_culicifacies_A,Insecta_50557,Diptera_7147,Culicidae_7157,Anopheles_7164,11.0,0.0028822955167974
106,Cheilosia_vernalis,Insecta_50557,Diptera_7147,Syrphidae_34680,Cheilosia_173981,22.0,0.0027543704059574
287,Hypertropha_chlaenota,Insecta_50557,Lepidoptera_7088,Depressariidae_2681869,Hypertropha_1178292,11.0,0.0027417698175588
144,Crematogaster_borneensis,Insecta_50557,Hymenoptera_7399,Formicidae_36668,Crematogaster_29040,13.0,0.0027249700953486
253,Gabara_pulverosalis,Insecta_50557,Lepidoptera_7088,Erebidae_695564,Gabara_706050,12.0,0.0026239212986853
407,Patalene_hamulata,Insecta_50557,Lepidoptera_7088,Geometridae_82593,Patalene_691666,20.0,0.0026228859361515
25,Anopheles_funestus,Insecta_50557,Diptera_7147,Culicidae_7157,Anopheles_7164,23.0,0.0026131070608587
32,Aphis_glycines,Insecta_50557,Hemiptera_7524,Aphididae_27482,Aphis_80764,95.0,0.0026113605494643
524,Trachymyrmex_cornetzi,Insecta_50557,Hymenoptera_7399,Formicidae_36668,Trachymyrmex_34717,123.0,0.0026002708439498
458,Pterostichus_niger,Insecta_50557,Coleoptera_7041,Carabidae_41073,Pterostichus_41078,17.0,0.0024418222763086
516,Thaumatotibia_leucotreta,Insecta_50557,Lepidoptera_7088,Tortricidae_7139,Thaumatotibia_463828,34.0,0.0023973909735346
342,Melipona_quadrifasciata,Insecta_50557,Hymenoptera_7399,Apidae_7458,Melipona_28651,77.0,0.0023674558942153
361,Mylon_pelopidas,Insecta_50557,Lepidoptera_7088,Hesperiidae_40093,Mylon_354986,17.0,0.0023652046457744
472,Sarcophaga_ruficornis,Insecta_50557,Diptera_7147,Sarcophagidae_7381,Sarcophaga_7384,31.0,0.0022625719627155
269,Hemilucilia_segmentaria,Insecta_50557,Diptera_7147,Calliphoridae_7371,Hemilucilia_416848,16.0,0.0022196432391584
289,Ichneumon_computatorius,Insecta_50557,Hymenoptera_7399,Ichneumonidae_7408,Ichneumon_27520,11.0,0.001997704752006
234,Eurema_xantochlora,Insecta_50557,Lepidoptera_7088,Pieridae_7114,Eurema_72256,12.0,0.0019838819777515
436,Polistes_fuscatus,Insecta_50557,Hymenoptera_7399,Vespidae_7438,Polistes_7456,76.0,0.0019234585118974
35,Apis_dorsata,Insecta_50557,Hymenoptera_7399,Apidae_7458,Apis_7459,82.0,0.0019029405103612
70,Bombus_melanopygus,Insecta_50557,Hymenoptera_7399,Apidae_7458,Bombus_28641,44.0,0.0018951439076345
288,Hypotrigona_gribodoi,Insecta_50557,Hymenoptera_7399,Apidae_7458,Hypotrigona_166417,27.0,0.001839704162466
190,Dysmicoccus_lepelleyi,Insecta_50557,Hemiptera_7524,Pseudococcidae_30190,Dysmicoccus_38113,20.0,0.001791859999255
174,Diplazon_laetatorius,Insecta_50557,Hymenoptera_7399,Ichneumonidae_7408,Diplazon_65310,112.0,0.0016814392693577
335,Manduca_lefeburii,Insecta_50557,Lepidoptera_7088,Sphingidae_7128,Manduca_7129,17.0,0.0014693105395995
134,Coleophora_dianthi,Insecta_50557,Lepidoptera_7088,Coleophoridae_173644,Coleophora_513583,11.0,0.0013517430171131
301,Laccophilus_complicatus,Insecta_50557,Coleoptera_7041,Dytiscidae_50515,Laccophilus_107891,14.0,0.0012827587309163
181,Drosophila_sturtevanti,Insecta_50557,Diptera_7147,Drosophilidae_7214,Drosophila_7215,43.0,0.001253488126488
442,Polypogon_tarsicrinata,Insecta_50557,Lepidoptera_7088,Erebidae_695564,Polypogon_214389,12.0,0.0009107671668695
406,Partamona_helleri,Insecta_50557,Hymenoptera_7399,Apidae_7458,Partamona_166432,61.0,0.0003284368692735
264,Gryllus_texensis,Insecta_50557,Orthoptera_6993,Gryllidae_6995,Gryllus_6998,10.0,0.0
149,Culex_orientalis,Insecta_50557,Diptera_7147,Culicidae_7157,Culex_7174,15.0,0.0
5,Aedes_koreicus,Insecta_50557,Diptera_7147,Culicidae_7157,Aedes_7158,81.0,0.0
538,Urbanus_dorantes,Insecta_50557,Lepidoptera_7088,Hesperiidae_40093,Urbanus_328864,15.0,0.0
539,Urbanus_esmeraldus,Insecta_50557,Lepidoptera_7088,Hesperiidae_40093,Urbanus_328864,48.0,0.0
542,Xanthorhoe_labradorensis,Insecta_50557,Lepidoptera_7088,Geometridae_82593,Xanthorhoe_190368,23.0,0.0
123,Cinara_edulis,Insecta_50557,Hemiptera_7524,Aphididae_27482,Cinara_97051,18.0,0.0
155,Culicoides_sitiens,Insecta_50557,Diptera_7147,Ceratopogonidae_41819,Culicoides_41820,10.0,0.0
544,Xylophanes_pistacina,Insecta_50557,Lepidoptera_7088,Sphingidae_7128,Xylophanes_119289,15.0,0.0
120,Chrysoperla_comanche,Insecta_50557,Neuroptera_7516,Chrysopidae_7520,Chrysoperla_7521,19.0,0.0
535,Tuberculatus_annulatus,Insecta_50557,Hemiptera_7524,Aphididae_27482,Tuberculatus_133114,14.0,0.0
254,Gabara_subnivosella,Insecta_50557,Lepidoptera_7088,Erebidae_695564,Gabara_706050,10.0,0.0
265,Helicoverpa_punctigera,Insecta_50557,Lepidoptera_7088,Noctuidae_7100,Helicoverpa_7112,20.0,0.0
255,Galapaganus_conwayensis,Insecta_50557,Coleoptera_7041,Curculionidae_7042,Galapaganus_63361,40.0,0.0
256,Galapaganus_howdenae,Insecta_50557,Coleoptera_7041,Curculionidae_7042,Galapaganus_63361,20.0,0.0
528,Trichobius_parasiticus,Insecta_50557,Diptera_7147,Streblidae_81697,Trichobius_339792,12.0,0.0
527,Trichobius_joblingi,Insecta_50557,Diptera_7147,Streblidae_81697,Trichobius_339792,17.0,0.0
526,Trichobius_dugesioides,Insecta_50557,Diptera_7147,Streblidae_81697,Trichobius_339792,11.0,0.0
523,Toxonprucha_crudelis,Insecta_50557,Lepidoptera_7088,Erebidae_695564,Toxonprucha_695694,16.0,0.0
522,Tolype_nana,Insecta_50557,Lepidoptera_7088,Lasiocampidae_7096,Tolype_151301,11.0,0.0
124,Cinara_piniarmandicola,Insecta_50557,Hemiptera_7524,Aphididae_27482,Cinara_97051,15.0,0.0
162,Cyrnus_trimaculatus,Insecta_50557,Trichoptera_30263,Polycentropodidae_161768,Cyrnus_177944,13.0,0.0
238,Eurylophella_verisimilis,Insecta_50557,Ephemeroptera_30073,Ephemerellidae_50633,Eurylophella_219546,26.0,0.0
260,Gonepteryx_cleopatra,Insecta_50557,Lepidoptera_7088,Pieridae_7114,Gonepteryx_78608,15.0,0.0
517,Thecabius_affinis,Insecta_50557,Hemiptera_7524,Pemphigidae_30187,Thecabius_220097,22.0,0.0
58,Bathythrix_claviger,Insecta_50557,Hymenoptera_7399,Ichneumonidae_7408,Bathythrix_172461,15.0,0.0
103,Cerceris_sabulosa,Insecta_50557,Hymenoptera_7399,Crabronidae_253718,Cerceris_288388,18.0,0.0
499,Synergus_walshii,Insecta_50557,Hymenoptera_7399,Cynipidae_73401,Synergus_167038,16.0,0.0
375,Nycteribia_allotopa,Insecta_50557,Diptera_7147,Nycteribiidae_81707,Nycteribia_633884,26.0,0.0
126,Cinara_strobi,Insecta_50557,Hemiptera_7524,Aphididae_27482,Cinara_97051,11.0,0.0
178,Drasteria_inepta,Insecta_50557,Lepidoptera_7088,Erebidae_695564,Drasteria_706034,11.0,0.0
71,Bombus_sichelii,Insecta_50557,Hymenoptera_7399,Apidae_7458,Bombus_28641,15.0,0.0
387,Ophiusa_tirhaca,Insecta_50557,Lepidoptera_7088,Erebidae_695564,Ophiusa_521458,13.0,0.0
139,Conotrachelus_punctiventris,Insecta_50557,Coleoptera_7041,Curculionidae_7042,Conotrachelus_122891,11.0,0.0
69,Bombus_hypocrita,Insecta_50557,Hymenoptera_7399,Apidae_7458,Bombus_28641,39.0,0.0
390,Orotettix_andeanus,Insecta_50557,Orthoptera_6993,Acrididae_7002,Orotettix_1632001,14.0,0.0
39,Argynnis_aglaja,Insecta_50557,Lepidoptera_7088,Nymphalidae_33415,Argynnis_171801,46.0,0.0
68,Bombus_hypnorum,Insecta_50557,Hymenoptera_7399,Apidae_7458,Bombus_28641,11.0,0.0
393,Oxysarcodexia_ventricosa,Insecta_50557,Diptera_7147,Sarcophagidae_7381,Oxysarcodexia_260545,18.0,0.0
66,Bombus_bimaculatus,Insecta_50557,Hymenoptera_7399,Apidae_7458,Bombus_28641,14.0,0.0
43,Athalia_rosae,Insecta_50557,Hymenoptera_7399,Athaliidae_2982298,Athalia_37343,12.0,0.0
399,Pangrapta_trimantesalis,Insecta_50557,Lepidoptera_7088,Erebidae_695564,Pangrapta_688522,10.0,0.0
137,Condica_sutor,Insecta_50557,Lepidoptera_7088,Noctuidae_7100,Condica_56379,14.0,0.0
402,Paraglenurus_fulvus,Insecta_50557,Neuroptera_7516,Myrmeleontidae_27427,Paraglenurus_2028986,22.0,0.0
61,Benthalia_carbonaria,Insecta_50557,Diptera_7147,Chironomidae_7149,Benthalia_391739,12.0,0.0
191,Eana_argentana,Insecta_50557,Lepidoptera_7088,Tortricidae_7139,Eana_688900,28.0,0.0
49,Bactrocera_rubigina,Insecta_50557,Diptera_7147,Tephritidae_7211,Bactrocera_27456,14.0,0.0
192,Earias_insulana,Insecta_50557,Lepidoptera_7088,Nolidae_319783,Earias_656906,16.0,0.0
135,Colias_croceus,Insecta_50557,Lepidoptera_7088,Pieridae_7114,Colias_42295,32.0,0.0
414,Phenacoccus_aceris,Insecta_50557,Hemiptera_7524,Pseudococcidae_30190,Phenacoccus_249510,20.0,0.0
209,Erebia_aethiops,Insecta_50557,Lepidoptera_7088,Nymphalidae_33415,Erebia_111897,47.0,0.0
211,Erebia_callias,Insecta_50557,Lepidoptera_7088,Nymphalidae_33415,Erebia_111897,12.0,0.0
495,Strumigenys_rogata,Insecta_50557,Hymenoptera_7399,Formicidae_36668,Strumigenys_198464,10.0,0.0
212,Erebia_cassioides,Insecta_50557,Lepidoptera_7088,Nymphalidae_33415,Erebia_111897,15.0,0.0
306,Leptogenys_edsoni,Insecta_50557,Hymenoptera_7399,Formicidae_36668,Leptogenys_219782,12.0,0.0
487,Sitobion_miscanthi,Insecta_50557,Hemiptera_7524,Aphididae_27482,Sitobion_44662,27.0,0.0
170,Diadegma_fenestrale,Insecta_50557,Hymenoptera_7399,Ichneumonidae_7408,Diadegma_144305,10.0,0.0
307,Leptogenys_fiandry,Insecta_50557,Hymenoptera_7399,Formicidae_36668,Leptogenys_219782,10.0,0.0
223,Eumerus_armatus,Insecta_50557,Diptera_7147,Syrphidae_34680,Eumerus_224220,11.0,0.0
323,Lycaena_tityrus,Insecta_50557,Lepidoptera_7088,Lycaenidae_27544,Lycaena_265359,37.0,0.0
28,Antheraea_mylitta,Insecta_50557,Lepidoptera_7088,Saturniidae_7117,Antheraea_7118,19.0,0.0
325,Lydina_americana,Insecta_50557,Diptera_7147,Tachinidae_27474,Lydina_1720792,14.0,0.0
97,Catocala_fulminea,Insecta_50557,Lepidoptera_7088,Erebidae_695564,Catocala_56375,31.0,0.0
31,Aphis_craccae,Insecta_50557,Hemiptera_7524,Aphididae_27482,Aphis_80764,21.0,0.0
340,Melanoplus_packardii,Insecta_50557,Orthoptera_6993,Acrididae_7002,Melanoplus_30252,22.0,0.0
341,Melinaea_satevis,Insecta_50557,Lepidoptera_7088,Nymphalidae_33415,Melinaea_64444,12.0,0.0
343,Mellicta_ambigua,Insecta_50557,Lepidoptera_7088,Nymphalidae_33415,Mellicta_596672,15.0,0.0
92,Carabus_hortensis,Insecta_50557,Coleoptera_7041,Carabidae_41073,Carabus_41074,11.0,0.0
215,Eristalinus_tabanoides,Insecta_50557,Diptera_7147,Syrphidae_34680,Eristalinus_115278,14.0,0.0
214,Eriosoma_americanum,Insecta_50557,Hemiptera_7524,Pemphigidae_30187,Eriosoma_133081,34.0,0.0
213,Erebia_sudetica,Insecta_50557,Lepidoptera_7088,Nymphalidae_33415,Erebia_111897,10.0,0.0
365,Narcosius_colossus,Insecta_50557,Lepidoptera_7088,Hesperiidae_40093,Narcosius_354999,14.0,0.0
453,Psilocorsis_cryptolechiella,Insecta_50557,Lepidoptera_7088,Depressariidae_2681869,Psilocorsis_347802,13.0,0.0
366,Nearctaphis_bakeri,Insecta_50557,Hemiptera_7524,Aphididae_27482,Nearctaphis_527828,32.0,0.0
368,Neoconocephalus_lyristes,Insecta_50557,Orthoptera_6993,Tettigoniidae_62784,Neoconocephalus_391893,16.0,0.0
242,Exorista_rustica,Insecta_50557,Diptera_7147,Tachinidae_27474,Exorista_113238,28.0,0.0
