species,traitName,Aquatic,SemiAquatic,Terrestrial,Fungivore,Nectivore,Nectivore_and_Predaceous,Nectivore_and_Saprophagous,NonFeeding,Omnivores,Parasitic,Parasitoid,Phytophagous,Phytophagous_and_Fungivore,Phytophagous_and_Saprophagous,Predaceous,Saprophagous
Cratyna uliginosoides,adultDiet,0,0,1,0,0,0,0,1,0,0,0,0,0,0,0,0
Cratyna uliginosoides,larvalDiet,0,0,1,0,0,0,0,0,0,0,0,0,0,0,0,1
Cladotanytarsus atridorsum,adultDiet,1,0,0,0,0,0,0,1,0,0,0,0,0,0,0,0
Cladotanytarsus atridorsum,larvalDiet,1,0,0,0,0,0,0,0,0,0,0,0,0,1,0,0
Cratyna longispina,adultDiet,0,0,1,0,0,0,0,1,0,0,0,0,0,0,0,0
Cratyna longispina,larvalDiet,0,0,1,0,0,0,0,0,0,0,0,0,0,0,0,1
Ophiomyia similata,adultDiet,0,0,1,0,0,0,0,0,0,0,0,1,0,0,0,0
Ophiomyia similata,larvalDiet,0,0,1,0,0,0,0,0,0,0,0,1,0,0,0,0
Spilogona opaca,adultDiet,0,0,1,0,0,0,0,0,0,0,0,0,0,0,1,0
Spilogona opaca,larvalDiet,0,0,1,0,0,0,0,0,0,0,0,0,0,0,1,0
Nephrotoma lundbecki,adultDiet,1,0,0,0,0,0,0,1,0,0,0,0,0,0,0,0
Nephrotoma lundbecki,larvalDiet,1,0,0,0,0,0,0,0,0,0,0,0,0,0,0,1
Coquillettidia perturbans,adultDiet,1,0,0,0,0,1,0,0,0,0,0,0,0,0,0,0
Coquillettidia perturbans,larvalDiet,1,0,0,0,0,0,0,0,1,0,0,0,0,0,0,0
Diamesa bohemani,adultDiet,1,0,0,0,0,0,0,1,0,0,0,0,0,0,0,0
Diamesa bohemani,larvalDiet,1,0,0,0,0,0,0,0,0,0,0,0,0,1,0,0
Bibio longipes,adultDiet,0,0,1,0,1,0,0,0,0,0,0,0,0,0,0,0
Bibio longipes,larvalDiet,0,0,1,0,0,0,0,0,0,0,0,0,0,0,0,1
Paratanytarsus austriacus,adultDiet,1,0,0,0,0,0,0,1,0,0,0,0,0,0,0,0
Paratanytarsus austriacus,larvalDiet,1,0,0,0,0,0,0,0,0,0,0,0,0,1,0,0
Psychoda alternata,adultDiet,0,1,0,0,0,0,0,0,0,0,0,0,0,0,0,1
Psychoda alternata,larvalDiet,0,1,0,0,0,0,0,0,0,0,0,0,0,0,0,1
Corynoptera trepida,adultDiet,0,0,1,0,0,0,0,1,0,0,0,0,0,0,0,0
Corynoptera trepida,larvalDiet,0,0,1,0,0,0,0,0,0,0,0,0,0,0,0,1
Tachina ampliforceps,adultDiet,0,0,1,0,1,0,0,0,0,0,0,0,0,0,0,0
Tachina ampliforceps,larvalDiet,0,0,1,0,0,0,0,0,0,0,1,0,0,0,0,0
Spelobia semioculata,adultDiet,0,1,0,0,0,0,0,1,0,0,0,0,0,0,0,0
Spelobia semioculata,larvalDiet,0,1,0,0,0,0,0,0,0,0,0,0,0,0,0,1
Mydaea neglecta,adultDiet,0,0,1,0,1,0,0,0,0,0,0,0,0,0,0,0
Mydaea neglecta,larvalDiet,0,0,1,0,0,0,0,0,0,0,0,0,0,0,1,0
Chironomus atrella,adultDiet,1,0,0,0,0,0,0,1,0,0,0,0,0,0,0,0
Chironomus atrella,larvalDiet,1,0,0,0,0,0,0,0,0,0,0,0,0,1,0,0
Spelobia tufta,adultDiet,0,1,0,0,0,0,0,1,0,0,0,0,0,0,0,0
Spelobia tufta,larvalDiet,0,1,0,0,0,0,0,0,0,0,0,0,0,0,0,1
Orthocladius consobrinus,adultDiet,1,0,0,0,0,0,0,1,0,0,0,0,0,0,0,0
Orthocladius consobrinus,larvalDiet,1,0,0,0,0,0,0,0,0,0,0,0,0,1,0,0
Chrysops vittatus,adultDiet,1,0,0,0,0,1,0,0,0,0,0,0,0,0,0,0
Chrysops vittatus,larvalDiet,1,0,0,0,0,0,0,0,0,0,0,0,0,0,0,1
Phronia tenuis,adultDiet,0,0,1,0,0,0,0,1,0,0,0,0,0,0,0,0
Phronia tenuis,larvalDiet,0,0,1,1,0,0,0,0,0,0,0,0,0,0,0,0
Culicoides travisi,adultDiet,0,1,0,0,0,1,0,0,0,0,0,0,0,0,0,0
Culicoides travisi,larvalDiet,0,1,0,0,0,0,0,0,1,0,0,0,0,0,0,0
Metacnephia borealis,adultDiet,1,0,0,0,0,0,0,0,0,0,0,0,0,0,0,1
Metacnephia borealis,larvalDiet,1,0,0,0,0,0,0,0,0,0,0,0,0,0,0,1
Prosimulium mixtum,adultDiet,1,0,0,0,0,1,0,0,0,0,0,0,0,0,0,0
Prosimulium mixtum,larvalDiet,1,0,0,0,0,0,0,0,0,0,0,1,0,0,0,0
Helina laxifrons,adultDiet,0,0,1,0,0,0,0,0,0,0,0,0,0,0,0,1
Helina laxifrons,larvalDiet,0,0,1,0,0,0,0,0,0,0,0,0,0,0,0,1
Peleteria iterans,adultDiet,0,0,1,0,1,0,0,0,0,0,0,0,0,0,0,0
Peleteria iterans,larvalDiet,0,0,1,0,0,0,0,0,0,0,1,0,0,0,0,0
Gymnopternus subulatus,adultDiet,0,1,0,0,0,0,0,0,0,0,0,0,0,0,1,0
Gymnopternus subulatus,larvalDiet,0,1,0,0,0,0,0,0,0,0,0,0,0,0,1,0
Diamesa aberrata,adultDiet,1,0,0,0,0,0,0,1,0,0,0,0,0,0,0,0
Diamesa aberrata,larvalDiet,1,0,0,0,0,0,0,0,0,0,0,0,0,1,0,0
Spilogona contractifrons,adultDiet,0,0,1,0,0,0,0,0,0,0,0,0,0,0,1,0
Spilogona contractifrons,larvalDiet,0,0,1,0,0,0,0,0,0,0,0,0,0,0,1,0
Siphona intrudens,adultDiet,0,0,1,0,1,0,0,0,0,0,0,0,0,0,0,0
Siphona intrudens,larvalDiet,0,0,1,0,0,0,0,0,0,0,1,0,0,0,0,0
Orthocladius rivicola,adultDiet,1,0,0,0,0,0,0,1,0,0,0,0,0,0,0,0
Orthocladius rivicola,larvalDiet,1,0,0,0,0,0,0,0,0,0,0,0,0,1,0,0
Prosimulium arvum,adultDiet,1,0,0,0,0,1,0,0,0,0,0,0,0,0,0,0
Prosimulium arvum,larvalDiet,1,0,0,0,0,0,0,0,0,0,0,1,0,0,0,0
Lycoriella sativae,adultDiet,0,0,1,0,0,0,0,1,0,0,0,0,0,0,0,0
Lycoriella sativae,larvalDiet,0,0,1,1,0,0,0,0,0,0,0,0,0,0,0,0
Iteaphila orchestris,adultDiet,0,0,1,0,1,0,0,0,0,0,0,0,0,0,0,0
Iteaphila orchestris,larvalDiet,0,0,1,0,0,0,0,0,0,0,0,1,0,0,0,0
Scatopsciara neglecta,adultDiet,0,0,1,0,0,0,0,1,0,0,0,0,0,0,0,0
Scatopsciara neglecta,larvalDiet,0,0,1,0,0,0,0,0,0,0,0,1,0,0,0,0
Ablabesmyia aspera,adultDiet,1,0,0,0,0,0,0,1,0,0,0,0,0,0,0,0
Ablabesmyia aspera,larvalDiet,1,0,0,0,0,0,0,0,0,0,0,0,0,1,0,0
Sargus decorus,adultDiet,0,0,1,0,0,0,0,1,0,0,0,0,0,0,0,0
Sargus decorus,larvalDiet,0,0,1,0,0,0,0,0,0,0,0,0,0,0,0,1
Dolichopus discifer,adultDiet,0,1,0,0,0,0,0,0,0,0,0,0,0,0,1,0
Dolichopus discifer,larvalDiet,0,1,0,0,0,0,0,0,0,0,0,0,0,0,1,0
Lispe tentaculata,adultDiet,1,0,0,0,0,0,0,0,0,0,0,0,0,0,1,0
Lispe tentaculata,larvalDiet,1,0,0,0,0,0,0,0,0,0,0,0,0,0,1,0
Cratyna ambigua,adultDiet,0,0,1,0,0,0,0,1,0,0,0,0,0,0,0,0
Cratyna ambigua,larvalDiet,0,0,1,0,0,0,0,0,0,0,0,0,0,0,0,1
Pegoplata nigroscutellata,adultDiet,0,0,1,0,1,0,0,0,0,0,0,0,0,0,0,0
Pegoplata nigroscutellata,larvalDiet,0,0,1,0,0,0,0,0,0,0,0,1,0,0,0,0
Stomoxys calcitrans,adultDiet,0,1,0,0,0,0,0,0,0,0,0,0,0,0,1,0
Stomoxys calcitrans,larvalDiet,0,1,0,0,0,0,0,0,0,0,0,0,0,0,1,0
Chaetocladius holmgreni,adultDiet,1,0,0,0,0,0,0,1,0,0,0,0,0,0,0,0
Chaetocladius holmgreni,larvalDiet,1,0,0,0,0,0,0,0,0,0,0,0,0,1,0,0
Chelipoda truncata,adultDiet,1,0,0,0,0,0,0,0,0,0,0,0,0,0,1,0
Chelipoda truncata,larvalDiet,1,0,0,0,0,0,0,0,0,0,0,0,0,0,1,0
Aulacigaster neoleucopeza,adultDiet,0,0,1,0,0,0,0,0,0,0,0,1,0,0,0,0
Aulacigaster neoleucopeza,larvalDiet,0,0,1,0,0,0,0,0,0,0,0,1,0,0,0,0
Phaonia tuguriorum,adultDiet,0,0,1,0,1,0,0,0,0,0,0,0,0,0,0,0
Phaonia tuguriorum,larvalDiet,0,0,1,0,0,0,0,0,0,0,0,0,0,0,1,0
Neomyia cornicina,adultDiet,0,0,1,0,0,0,0,0,0,0,0,0,0,0,0,1
Neomyia cornicina,larvalDiet,0,0,1,0,0,0,0,0,0,0,0,0,0,0,0,1
Pipunculus hertzogi,adultDiet,0,0,1,0,0,0,0,0,0,0,0,1,0,0,0,0
Pipunculus hertzogi,larvalDiet,0,0,1,0,0,0,0,0,0,0,1,0,0,0,0,0
Forcipomyia titillans,adultDiet,0,0,1,0,0,1,0,0,0,0,0,0,0,0,0,0
Forcipomyia titillans,larvalDiet,0,0,1,0,0,0,0,0,0,0,0,0,0,1,0,0
Helophilus groenlandicus,adultDiet,0,1,0,0,1,0,0,0,0,0,0,0,0,0,0,0
Helophilus groenlandicus,larvalDiet,0,1,0,0,0,0,0,0,0,0,0,0,0,0,0,1
Drosophila falleni,adultDiet,0,0,1,0,0,0,0,0,0,0,0,0,0,0,0,1
Drosophila falleni,larvalDiet,0,0,1,0,0,0,0,0,0,0,0,0,0,0,0,1
Platypalpus stabilis,adultDiet,0,0,1,0,0,0,0,0,0,0,0,0,0,0,1,0
Platypalpus stabilis,larvalDiet,0,0,1,0,0,0,0,0,0,0,0,0,0,0,1,0
Molophilus oligacanthus,adultDiet,0,1,0,0,0,0,0,1,0,0,0,0,0,0,0,0
Molophilus oligacanthus,larvalDiet,0,1,0,0,0,0,0,0,0,0,0,0,0,0,0,1
Dasyhelea bensoni,adultDiet,0,1,0,0,1,0,0,0,0,0,0,0,0,0,0,0
Dasyhelea bensoni,larvalDiet,0,1,0,0,0,0,0,0,1,0,0,0,0,0,0,0
Hybomitra pechumani,adultDiet,0,0,1,0,1,0,0,0,0,0,0,0,0,0,0,0
Hybomitra pechumani,larvalDiet,0,0,1,0,0,0,0,0,0,0,0,0,0,0,0,1
Spilogona arctica,adultDiet,0,0,1,0,0,0,0,0,0,0,0,0,0,0,1,0
Spilogona arctica,larvalDiet,0,0,1,0,0,0,0,0,0,0,0,0,0,0,1,0
Megaselia eccoptomera,adultDiet,0,0,1,0,0,0,0,0,0,0,0,0,0,0,0,1
Megaselia eccoptomera,larvalDiet,0,0,1,0,0,0,0,0,0,0,0,0,0,0,0,1
Toxomerus geminatus,adultDiet,0,0,1,0,1,0,0,0,0,0,0,0,0,0,0,0
Toxomerus geminatus,larvalDiet,0,0,1,0,0,0,0,0,0,0,0,0,0,0,1,0
Boletina palmata,adultDiet,0,0,1,0,0,0,0,1,0,0,0,0,0,0,0,0
Boletina palmata,larvalDiet,0,0,1,0,0,0,0,0,0,0,0,0,0,0,0,1
Megaselia spinigera,adultDiet,0,0,1,0,0,0,0,0,0,0,0,0,0,0,0,1
Megaselia spinigera,larvalDiet,0,0,1,0,0,0,0,0,0,0,0,0,0,0,0,1
Cricotopus trifascia,adultDiet,1,0,0,0,0,0,0,1,0,0,0,0,0,0,0,0
Cricotopus trifascia,larvalDiet,1,0,0,0,0,0,0,0,0,0,0,1,0,0,0,0
Zaphne zetterstedtii,adultDiet,0,0,1,0,1,0,0,0,0,0,0,0,0,0,0,0
Zaphne zetterstedtii,larvalDiet,0,0,1,0,0,0,0,0,0,0,0,1,0,0,0,0
Psectrocladius barbimanus,adultDiet,1,0,0,0,0,0,0,1,0,0,0,0,0,0,0,0
Psectrocladius barbimanus,larvalDiet,1,0,0,0,0,0,0,0,0,0,0,0,0,1,0,0
Malloewia abdominalis,adultDiet,0,0,1,0,1,0,0,0,0,0,0,0,0,0,0,0
Malloewia abdominalis,larvalDiet,0,0,1,0,0,0,0,0,0,0,0,1,0,0,0,0
Elachiptera decipiens,adultDiet,0,0,1,0,1,0,0,0,0,0,0,0,0,0,0,0
Elachiptera decipiens,larvalDiet,0,0,1,0,0,0,0,0,0,0,0,1,0,0,0,0
Delia platura,adultDiet,0,0,1,0,1,0,0,0,0,0,0,0,0,0,0,0
Delia platura,larvalDiet,0,0,1,0,0,0,0,0,0,0,0,0,0,1,0,0
Phytomyza puccinelliae,adultDiet,0,0,1,0,0,0,0,0,0,0,0,1,0,0,0,0
Phytomyza puccinelliae,larvalDiet,0,0,1,0,0,0,0,0,0,0,0,1,0,0,0,0
Delia radicum,adultDiet,0,0,1,0,1,0,0,0,0,0,0,0,0,0,0,0
Delia radicum,larvalDiet,0,0,1,0,0,0,0,0,0,0,0,1,0,0,0,0
Pegomya flavifrons,adultDiet,0,0,1,0,1,0,0,0,0,0,0,0,0,0,0,0
Pegomya flavifrons,larvalDiet,0,0,1,0,0,0,0,0,0,0,0,1,0,0,0,0
Megaselia variana,adultDiet,0,0,1,0,0,0,0,0,0,0,0,0,0,0,0,1
Megaselia variana,larvalDiet,0,0,1,0,0,0,0,0,0,0,0,0,0,0,0,1
Zaphne barbiventris,adultDiet,0,0,1,0,1,0,0,0,0,0,0,0,0,0,0,0
Zaphne barbiventris,larvalDiet,0,0,1,0,0,0,0,0,0,0,0,1,0,0,0,0
Pegomya winthemi,adultDiet,0,0,1,0,1,0,0,0,0,0,0,0,0,0,0,0
Pegomya winthemi,larvalDiet,0,0,1,0,0,0,0,0,0,0,0,1,0,0,0,0
Platycheirus groenlandicus,adultDiet,0,0,1,0,1,0,0,0,0,0,0,0,0,0,0,0
Platycheirus groenlandicus,larvalDiet,0,0,1,0,0,0,0,0,0,0,0,0,0,0,1,0
Ravinia planifrons,adultDiet,0,0,1,0,0,0,1,0,0,0,0,0,0,0,0,0
Ravinia planifrons,larvalDiet,0,0,1,0,0,0,0,0,0,0,0,0,0,0,0,1
Helina flavisquama,adultDiet,0,0,1,0,0,0,0,0,0,0,0,0,0,0,0,1
Helina flavisquama,larvalDiet,0,0,1,0,0,0,0,0,0,0,0,0,0,0,0,1
Botanophila hucketti,adultDiet,0,0,1,0,1,0,0,0,0,0,0,0,0,0,0,0
Botanophila hucketti,larvalDiet,0,0,1,0,0,0,0,0,0,0,0,0,1,0,0,0
Chironomus harpi,adultDiet,1,0,0,0,0,0,0,1,0,0,0,0,0,0,0,0
Chironomus harpi,larvalDiet,1,0,0,0,0,0,0,0,0,0,0,0,0,1,0,0
Corynoptera saccata,adultDiet,0,0,1,0,0,0,0,1,0,0,0,0,0,0,0,0
Corynoptera saccata,larvalDiet,0,0,1,0,0,0,0,0,0,0,0,0,0,0,0,1
Gymnophora subarcuata,adultDiet,0,0,1,0,0,0,0,0,0,0,0,0,0,0,0,1
Gymnophora subarcuata,larvalDiet,0,0,1,0,0,0,0,0,0,0,0,0,0,0,0,1
Thienemanniella xena,adultDiet,1,0,0,0,0,0,0,1,0,0,0,0,0,0,0,0
Thienemanniella xena,larvalDiet,1,0,0,0,0,0,0,0,0,0,0,0,0,1,0,0
Coenosia octopunctata,adultDiet,0,0,1,0,0,0,0,0,0,0,0,0,0,0,1,0
Coenosia octopunctata,larvalDiet,0,0,1,0,0,0,0,0,0,0,0,0,0,0,1,0
Ablabesmyia illinoensis,adultDiet,1,0,0,0,0,0,0,1,0,0,0,0,0,0,0,0
Ablabesmyia illinoensis,larvalDiet,1,0,0,0,0,0,0,0,0,0,0,0,0,1,0,0
Tipula paludosa,adultDiet,0,0,1,0,0,0,0,1,0,0,0,0,0,0,0,0
Tipula paludosa,larvalDiet,0,0,1,0,0,0,0,0,0,0,0,1,0,0,0,0
Tanytarsus anderseni,adultDiet,1,0,0,0,0,0,0,1,0,0,0,0,0,0,0,0
Tanytarsus anderseni,larvalDiet,1,0,0,0,0,0,0,0,0,0,0,0,0,1,0,0
Mycetophila ocellus,adultDiet,0,0,1,0,0,0,0,1,0,0,0,0,0,0,0,0
Mycetophila ocellus,larvalDiet,0,0,1,1,0,0,0,0,0,0,0,0,0,0,0,0
Cordilura atrata,adultDiet,0,0,1,0,0,0,0,0,0,0,0,0,0,0,1,0
Cordilura atrata,larvalDiet,0,0,1,0,0,0,0,0,0,0,0,1,0,0,0,0
Pegoplata tundrica,adultDiet,0,0,1,0,1,0,0,0,0,0,0,0,0,0,0,0
Pegoplata tundrica,larvalDiet,0,0,1,0,0,0,0,0,0,0,0,1,0,0,0,0
Geomyza tripunctata,adultDiet,0,0,1,0,0,0,0,1,0,0,0,0,0,0,0,0
Geomyza tripunctata,larvalDiet,0,0,1,0,0,0,0,0,0,0,0,1,0,0,0,0
Polypedilum aviceps,adultDiet,1,0,0,0,0,0,0,1,0,0,0,0,0,0,0,0
Polypedilum aviceps,larvalDiet,1,0,0,0,0,0,0,0,0,0,0,1,0,0,0,0
Culicoides obsoletus,adultDiet,0,1,0,0,0,1,0,0,0,0,0,0,0,0,0,0
Culicoides obsoletus,larvalDiet,0,1,0,0,0,0,0,0,1,0,0,0,0,0,0,0
Xylota subfasciata,adultDiet,0,1,0,0,1,0,0,0,0,0,0,0,0,0,0,0
Xylota subfasciata,larvalDiet,0,1,0,0,0,0,0,0,0,0,0,0,0,0,0,1
Lasiomma collini,adultDiet,0,0,1,0,1,0,0,0,0,0,0,0,0,0,0,0
Lasiomma collini,larvalDiet,0,0,1,0,0,0,0,0,0,0,0,1,0,0,0,0
Bicellaria furcifer,adultDiet,0,0,1,0,0,0,0,0,0,0,0,0,0,0,1,0
Bicellaria furcifer,larvalDiet,0,0,1,0,0,0,0,0,0,0,0,0,0,0,1,0
Limnophyes natalensis,adultDiet,1,0,0,0,0,0,0,1,0,0,0,0,0,0,0,0
Limnophyes natalensis,larvalDiet,1,0,0,0,0,0,0,0,0,0,0,0,0,1,0,0
Agromyza frontella,adultDiet,0,0,1,0,0,0,0,0,0,0,0,1,0,0,0,0
Agromyza frontella,larvalDiet,0,0,1,0,0,0,0,0,0,0,0,1,0,0,0,0
Culex territans,adultDiet,1,0,0,0,0,1,0,0,0,0,0,0,0,0,0,0
Culex territans,larvalDiet,1,0,0,0,0,0,0,0,1,0,0,0,0,0,0,0
Zaphne borealis,adultDiet,0,0,1,0,1,0,0,0,0,0,0,0,0,0,0,0
Zaphne borealis,larvalDiet,0,0,1,0,0,0,0,0,0,0,0,1,0,0,0,0
Cricotopus obnixus,adultDiet,1,0,0,0,0,0,0,1,0,0,0,0,0,0,0,0
Cricotopus obnixus,larvalDiet,1,0,0,0,0,0,0,0,0,0,0,1,0,0,0,0
Cerodontha muscina,adultDiet,0,0,1,0,0,0,0,0,0,0,0,1,0,0,0,0
Cerodontha muscina,larvalDiet,0,0,1,0,0,0,0,0,0,0,0,1,0,0,0,0
Tanytarsus niger,adultDiet,1,0,0,0,0,0,0,1,0,0,0,0,0,0,0,0
Tanytarsus niger,larvalDiet,1,0,0,0,0,0,0,0,0,0,0,0,0,1,0,0
Mycomya nitida,adultDiet,0,0,1,0,0,0,0,1,0,0,0,0,0,0,0,0
Mycomya nitida,larvalDiet,0,0,1,1,0,0,0,0,0,0,0,0,0,0,0,0
Calliphora genarum,adultDiet,0,0,1,0,1,0,0,0,0,0,0,0,0,0,0,0
Calliphora genarum,larvalDiet,0,0,1,0,0,0,0,0,0,0,0,0,0,0,0,1
Orthocladius decoratus,adultDiet,1,0,0,0,0,0,0,1,0,0,0,0,0,0,0,0
Orthocladius decoratus,larvalDiet,1,0,0,0,0,0,0,0,0,0,0,0,0,1,0,0
Megaselia citrinella,adultDiet,0,0,1,0,0,0,0,0,0,0,0,0,0,0,0,1
Megaselia citrinella,larvalDiet,0,0,1,0,0,0,0,0,0,0,0,0,0,0,0,1
Cratyna perplexa,adultDiet,0,0,1,0,0,0,0,1,0,0,0,0,0,0,0,0
Cratyna perplexa,larvalDiet,0,0,1,0,0,0,0,0,0,0,0,0,0,0,0,1
Temnostoma excentrica,adultDiet,0,1,0,0,1,0,0,0,0,0,0,0,0,0,0,0
Temnostoma excentrica,larvalDiet,0,1,0,0,0,0,0,0,0,0,0,0,0,0,0,1
Bradysia excelsa,adultDiet,0,0,1,0,0,0,0,1,0,0,0,0,0,0,0,0
Bradysia excelsa,larvalDiet,0,0,1,0,0,0,0,0,0,0,0,0,1,0,0,0
Sepsis neocynipsea,adultDiet,0,0,1,0,0,0,1,0,0,0,0,0,0,0,0,0
Sepsis neocynipsea,larvalDiet,0,0,1,0,0,0,0,0,0,0,0,0,0,0,0,1
Helina troene,adultDiet,0,0,1,0,0,0,0,0,0,0,0,0,0,0,0,1
Helina troene,larvalDiet,0,0,1,0,0,0,0,0,0,0,0,0,0,0,0,1
Leucophenga varia,adultDiet,0,0,1,0,0,0,0,0,0,0,0,0,0,0,0,1
Leucophenga varia,larvalDiet,0,0,1,0,0,0,0,0,0,0,0,0,0,0,0,1
Metriocnemus eurynotus,adultDiet,1,0,0,0,0,0,0,1,0,0,0,0,0,0,0,0
Metriocnemus eurynotus,larvalDiet,1,0,0,0,0,0,0,0,0,0,0,0,0,1,0,0
Bicellaria lugubris,adultDiet,0,0,1,0,0,0,0,0,0,0,0,0,0,0,1,0
Bicellaria lugubris,larvalDiet,0,0,1,0,0,0,0,0,0,0,0,0,0,0,1,0
Bibio xanthopus,adultDiet,0,0,1,0,1,0,0,0,0,0,0,0,0,0,0,0
Bibio xanthopus,larvalDiet,0,0,1,0,0,0,0,0,0,0,0,0,0,0,0,1
Coenosia frisoni,adultDiet,0,0,1,0,0,0,0,0,0,0,0,0,0,0,1,0
Coenosia frisoni,larvalDiet,0,0,1,0,0,0,0,0,0,0,0,0,0,0,1,0
Tachypeza corticalis,adultDiet,0,0,1,0,0,0,0,0,0,0,0,0,0,0,1,0
Tachypeza corticalis,larvalDiet,0,0,1,0,0,0,0,0,0,0,0,0,0,0,1,0
Ablabesmyia americana,adultDiet,1,0,0,0,0,0,0,1,0,0,0,0,0,0,0,0
Ablabesmyia americana,larvalDiet,1,0,0,0,0,0,0,0,0,0,0,0,0,1,0,0
Lycoriella abbrevinervis,adultDiet,0,0,1,0,0,0,0,1,0,0,0,0,0,0,0,0
Lycoriella abbrevinervis,larvalDiet,0,0,1,1,0,0,0,0,0,0,0,0,0,0,0,0
Prosimulium travisi,adultDiet,1,0,0,0,0,1,0,0,0,0,0,0,0,0,0,0
Prosimulium travisi,larvalDiet,1,0,0,0,0,0,0,0,0,0,0,1,0,0,0,0
Suillia quinquepunctata,adultDiet,0,0,1,0,0,0,0,1,0,0,0,0,0,0,0,0
Suillia quinquepunctata,larvalDiet,0,0,1,1,0,0,0,0,0,0,0,0,0,0,0,0
Tanytarsus gracilentus,adultDiet,1,0,0,0,0,0,0,1,0,0,0,0,0,0,0,0
Tanytarsus gracilentus,larvalDiet,1,0,0,0,0,0,0,0,0,0,0,0,0,1,0,0
Orthocladius dorenus,adultDiet,1,0,0,0,0,0,0,1,0,0,0,0,0,0,0,0
Orthocladius dorenus,larvalDiet,1,0,0,0,0,0,0,0,0,0,0,0,0,1,0,0
Limnophyes pumilio,adultDiet,1,0,0,0,0,0,0,1,0,0,0,0,0,0,0,0
Limnophyes pumilio,larvalDiet,1,0,0,0,0,0,0,0,0,0,0,0,0,1,0,0
Megaselia cirriventris,adultDiet,0,0,1,0,0,0,0,0,0,0,0,0,0,0,0,1
Megaselia cirriventris,larvalDiet,0,0,1,0,0,0,0,0,0,0,0,0,0,0,0,1
Leptocera neofinalis,adultDiet,0,1,0,0,0,0,0,1,0,0,0,0,0,0,0,0
Leptocera neofinalis,larvalDiet,0,1,0,0,0,0,0,0,0,0,0,0,0,0,0,1
Bicellaria bisetosa,adultDiet,0,0,1,0,0,0,0,0,0,0,0,0,0,0,1,0
Bicellaria bisetosa,larvalDiet,0,0,1,0,0,0,0,0,0,0,0,0,0,0,1,0
Mycetophila caudata,adultDiet,0,0,1,0,0,0,0,1,0,0,0,0,0,0,0,0
Mycetophila caudata,larvalDiet,0,0,1,1,0,0,0,0,0,0,0,0,0,0,0,0
Coenosia conforma,adultDiet,0,0,1,0,0,0,0,0,0,0,0,0,0,0,1,0
Coenosia conforma,larvalDiet,0,0,1,0,0,0,0,0,0,0,0,0,0,0,1,0
Fannia subpellucens,adultDiet,0,0,1,0,0,0,0,0,0,0,0,0,0,0,0,1
Fannia subpellucens,larvalDiet,0,0,1,0,0,0,0,0,0,0,0,0,0,0,0,1
Suillia nemorum,adultDiet,0,0,1,0,0,0,0,1,0,0,0,0,0,0,0,0
Suillia nemorum,larvalDiet,0,0,1,1,0,0,0,0,0,0,0,0,0,0,0,0
Chironomus melanescens,adultDiet,1,0,0,0,0,0,0,1,0,0,0,0,0,0,0,0
Chironomus melanescens,larvalDiet,1,0,0,0,0,0,0,0,0,0,0,0,0,1,0,0
Orthocladius oblidens,adultDiet,1,0,0,0,0,0,0,1,0,0,0,0,0,0,0,0
Orthocladius oblidens,larvalDiet,1,0,0,0,0,0,0,0,0,0,0,0,0,1,0,0
Dichopygina aculeata,adultDiet,0,0,1,0,0,0,0,1,0,0,0,0,0,0,0,0
Dichopygina aculeata,larvalDiet,0,0,1,0,0,0,0,0,0,0,0,0,0,0,0,1
Tanytarsus guerlus,adultDiet,1,0,0,0,0,0,0,1,0,0,0,0,0,0,0,0
Tanytarsus guerlus,larvalDiet,1,0,0,0,0,0,0,0,0,0,0,0,0,1,0,0
Bradysia browni,adultDiet,0,0,1,0,0,0,0,1,0,0,0,0,0,0,0,0
Bradysia browni,larvalDiet,0,0,1,0,0,0,0,0,0,0,0,0,1,0,0,0
Platycheirus scambus,adultDiet,0,0,1,0,1,0,0,0,0,0,0,0,0,0,0,0
Platycheirus scambus,larvalDiet,0,0,1,0,0,0,0,0,0,0,0,0,0,0,1,0
Spilogona zaitzevi,adultDiet,0,0,1,0,0,0,0,0,0,0,0,0,0,0,1,0
Spilogona zaitzevi,larvalDiet,0,0,1,0,0,0,0,0,0,0,0,0,0,0,1,0
Mycetophila sordida,adultDiet,0,0,1,0,0,0,0,1,0,0,0,0,0,0,0,0
Mycetophila sordida,larvalDiet,0,0,1,1,0,0,0,0,0,0,0,0,0,0,0,0
Botanophila profuga,adultDiet,0,0,1,0,1,0,0,0,0,0,0,0,0,0,0,0
Botanophila profuga,larvalDiet,0,0,1,0,0,0,0,0,0,0,0,0,1,0,0,0
Liriomyza baptisiae,adultDiet,0,0,1,0,0,0,0,0,0,0,0,1,0,0,0,0
Liriomyza baptisiae,larvalDiet,0,0,1,0,0,0,0,0,0,0,0,1,0,0,0,0
Orthocladius olivaceus,adultDiet,1,0,0,0,0,0,0,1,0,0,0,0,0,0,0,0
Orthocladius olivaceus,larvalDiet,1,0,0,0,0,0,0,0,0,0,0,0,0,1,0,0
Dorylomorpha simplex,adultDiet,0,0,1,0,0,0,0,0,0,0,0,1,0,0,0,0
Dorylomorpha simplex,larvalDiet,0,0,1,0,0,0,0,0,0,0,1,0,0,0,0,0
Melangyna lasiophthalma,adultDiet,0,0,1,0,1,0,0,0,0,0,0,0,0,0,0,0
Melangyna lasiophthalma,larvalDiet,0,0,1,0,0,0,0,0,0,0,0,0,0,0,1,0
Eutrichota tarsata,adultDiet,0,0,1,0,1,0,0,0,0,0,0,0,0,0,0,0
Eutrichota tarsata,larvalDiet,0,0,1,0,0,0,0,0,0,0,0,1,0,0,0,0
Megaselia arizonensis,adultDiet,0,0,1,0,0,0,0,0,0,0,0,0,0,0,0,1
Megaselia arizonensis,larvalDiet,0,0,1,0,0,0,0,0,0,0,0,0,0,0,0,1
Procladius culiciformis,adultDiet,1,0,0,0,0,0,0,1,0,0,0,0,0,0,0,0
Procladius culiciformis,larvalDiet,1,0,0,0,0,0,0,0,0,0,0,0,0,0,1,0
Heterotrissocladius oliveri,adultDiet,1,0,0,0,0,0,0,1,0,0,0,0,0,0,0,0
Heterotrissocladius oliveri,larvalDiet,1,0,0,0,0,0,0,0,0,0,0,0,0,1,0,0
Nilotanypus fimbriatus,adultDiet,1,0,0,0,0,0,0,1,0,0,0,0,0,0,0,0
Nilotanypus fimbriatus,larvalDiet,1,0,0,0,0,0,0,0,0,0,0,0,0,1,0,0
Conchapelopia telema,adultDiet,1,0,0,0,0,0,0,1,0,0,0,0,0,0,0,0
Conchapelopia telema,larvalDiet,1,0,0,0,0,0,0,0,0,0,0,0,0,1,0,0
Spilogona imitatrix,adultDiet,0,0,1,0,0,0,0,0,0,0,0,0,0,0,1,0
Spilogona imitatrix,larvalDiet,0,0,1,0,0,0,0,0,0,0,0,0,0,0,1,0
Bradysia flavipila,adultDiet,0,0,1,0,0,0,0,1,0,0,0,0,0,0,0,0
Bradysia flavipila,larvalDiet,0,0,1,0,0,0,0,0,0,0,0,0,1,0,0,0
Spilogona malaisei,adultDiet,0,0,1,0,0,0,0,0,0,0,0,0,0,0,1,0
Spilogona malaisei,larvalDiet,0,0,1,0,0,0,0,0,0,0,0,0,0,0,1,0
Cratyna nobilis,adultDiet,0,0,1,0,0,0,0,1,0,0,0,0,0,0,0,0
Cratyna nobilis,larvalDiet,0,0,1,0,0,0,0,0,0,0,0,0,0,0,0,1
Bradysia moestula,adultDiet,0,0,1,0,0,0,0,1,0,0,0,0,0,0,0,0
Bradysia moestula,larvalDiet,0,0,1,0,0,0,0,0,0,0,0,0,1,0,0,0
Megaselia lutea,adultDiet,0,0,1,0,0,0,0,0,0,0,0,0,0,0,0,1
Megaselia lutea,larvalDiet,0,0,1,0,0,0,0,0,0,0,0,0,0,0,0,1
Delia florilega,adultDiet,0,0,1,0,1,0,0,0,0,0,0,0,0,0,0,0
Delia florilega,larvalDiet,0,0,1,0,0,0,0,0,0,0,0,1,0,0,0,0
Cynomya cadaverina,adultDiet,0,0,1,0,1,0,0,0,0,0,0,0,0,0,0,0
Cynomya cadaverina,larvalDiet,0,0,1,0,0,0,0,0,0,0,0,0,0,0,0,1
Heleodromia pullata,adultDiet,0,0,1,0,0,0,0,0,0,0,0,0,0,0,1,0
Heleodromia pullata,larvalDiet,0,0,1,0,0,0,0,0,0,0,0,0,0,0,1,0
Spilogona sororcula,adultDiet,0,0,1,0,0,0,0,0,0,0,0,0,0,0,1,0
Spilogona sororcula,larvalDiet,0,0,1,0,0,0,0,0,0,0,0,0,0,0,1,0
Scathophaga apicalis,adultDiet,0,1,0,0,0,0,0,0,0,0,0,0,0,0,1,0
Scathophaga apicalis,larvalDiet,0,1,0,0,0,0,0,0,0,0,0,0,0,0,1,0
Spilogona tornensis,adultDiet,0,0,1,0,0,0,0,0,0,0,0,0,0,0,1,0
Spilogona tornensis,larvalDiet,0,0,1,0,0,0,0,0,0,0,0,0,0,0,1,0
Forcipomyia bipunctata,adultDiet,0,0,1,0,0,1,0,0,0,0,0,0,0,0,0,0
Forcipomyia bipunctata,larvalDiet,0,0,1,0,0,0,0,0,0,0,0,0,0,1,0,0
Actia diffidens,adultDiet,0,0,1,0,1,0,0,0,0,0,0,0,0,0,0,0
Actia diffidens,larvalDiet,0,0,1,0,0,0,0,0,0,0,1,0,0,0,0,0
Prosciara prosciaroides,adultDiet,0,0,1,0,0,0,0,1,0,0,0,0,0,0,0,0
Prosciara prosciaroides,larvalDiet,0,0,1,0,0,0,0,0,0,0,0,0,0,0,0,1
Liriomyza brassicae,adultDiet,0,0,1,0,0,0,0,0,0,0,0,1,0,0,0,0
Liriomyza brassicae,larvalDiet,0,0,1,0,0,0,0,0,0,0,0,1,0,0,0,0
Sericomyia militaris,adultDiet,0,1,0,0,1,0,0,0,0,0,0,0,0,0,0,0
Sericomyia militaris,larvalDiet,0,1,0,0,0,0,0,0,0,0,0,0,0,0,0,1
Dolichopus hastatus,adultDiet,0,1,0,0,0,0,0,0,0,0,0,0,0,0,1,0
Dolichopus hastatus,larvalDiet,0,1,0,0,0,0,0,0,0,0,0,0,0,0,1,0
Cratyna keilini,adultDiet,0,0,1,0,0,0,0,1,0,0,0,0,0,0,0,0
Cratyna keilini,larvalDiet,0,0,1,0,0,0,0,0,0,0,0,0,0,0,0,1
Dryomyza anilis,adultDiet,1,0,0,0,0,0,0,1,0,0,0,0,0,0,0,0
Dryomyza anilis,larvalDiet,1,0,0,0,0,0,0,0,0,0,0,0,0,0,1,0
Tetanocera plumosa,adultDiet,1,0,0,0,0,0,0,0,0,0,0,1,0,0,0,0
Tetanocera plumosa,larvalDiet,1,0,0,0,0,0,0,0,0,0,0,0,0,0,1,0
Rhamphomyia nigrita,adultDiet,0,0,1,0,0,0,0,0,0,0,0,0,0,0,1,0
Rhamphomyia nigrita,larvalDiet,0,0,1,0,0,0,0,0,0,0,0,0,0,0,1,0
Elachiptera nigriceps,adultDiet,0,0,1,0,1,0,0,0,0,0,0,0,0,0,0,0
Elachiptera nigriceps,larvalDiet,0,0,1,0,0,0,0,0,0,0,0,1,0,0,0,0
Platypalpus trivialis,adultDiet,0,0,1,0,0,0,0,0,0,0,0,0,0,0,1,0
Platypalpus trivialis,larvalDiet,0,0,1,0,0,0,0,0,0,0,0,0,0,0,1,0
Tanytarsus inaequalis,adultDiet,1,0,0,0,0,0,0,1,0,0,0,0,0,0,0,0
Tanytarsus inaequalis,larvalDiet,1,0,0,0,0,0,0,0,0,0,0,0,0,1,0,0
Mycomya shermani,adultDiet,0,0,1,0,0,0,0,1,0,0,0,0,0,0,0,0
Mycomya shermani,larvalDiet,0,0,1,1,0,0,0,0,0,0,0,0,0,0,0,0
Blera nigra,adultDiet,0,1,0,0,1,0,0,0,0,0,0,0,0,0,0,0
Blera nigra,larvalDiet,0,1,0,0,0,0,0,0,0,0,0,0,0,0,0,1
Phytomyza periclymeni,adultDiet,0,0,1,0,0,0,0,0,0,0,0,1,0,0,0,0
Phytomyza periclymeni,larvalDiet,0,0,1,0,0,0,0,0,0,0,0,1,0,0,0,0
Botanophila fugax,adultDiet,0,0,1,0,1,0,0,0,0,0,0,0,0,0,0,0
Botanophila fugax,larvalDiet,0,0,1,0,0,0,0,0,0,0,0,0,1,0,0,0
Sylvicola fuscatus,adultDiet,0,0,1,0,1,0,0,0,0,0,0,0,0,0,0,0
Sylvicola fuscatus,larvalDiet,0,0,1,0,0,0,0,0,0,0,0,0,0,0,0,1
Cerodontha dorsalis,adultDiet,0,0,1,0,0,0,0,0,0,0,0,1,0,0,0,0
Cerodontha dorsalis,larvalDiet,0,0,1,0,0,0,0,0,0,0,0,1,0,0,0,0
Bradysia strigata,adultDiet,0,0,1,0,0,0,0,1,0,0,0,0,0,0,0,0
Bradysia strigata,larvalDiet,0,0,1,0,0,0,0,0,0,0,0,0,1,0,0,0
Corynoptera cuniculata,adultDiet,0,0,1,0,0,0,0,1,0,0,0,0,0,0,0,0
Corynoptera cuniculata,larvalDiet,0,0,1,0,0,0,0,0,0,0,0,0,0,0,0,1
Parasyrphus tarsatus,adultDiet,0,0,1,0,1,0,0,0,0,0,0,0,0,0,0,0
Parasyrphus tarsatus,larvalDiet,0,0,1,0,0,0,0,0,0,0,0,0,0,0,1,0
Dolichopus nigrilineatus,adultDiet,0,1,0,0,0,0,0,0,0,0,0,0,0,0,1,0
Dolichopus nigrilineatus,larvalDiet,0,1,0,0,0,0,0,0,0,0,0,0,0,0,1,0
Nephrotoma cornicina,adultDiet,1,0,0,0,0,0,0,1,0,0,0,0,0,0,0,0
Nephrotoma cornicina,larvalDiet,1,0,0,0,0,0,0,0,0,0,0,0,0,0,0,1
Tipula serta,adultDiet,1,0,0,0,0,0,0,1,0,0,0,0,0,0,0,0
Tipula serta,larvalDiet,1,0,0,0,0,0,0,0,0,0,0,1,0,0,0,0
Olcella parva,adultDiet,0,0,1,0,1,0,0,0,0,0,0,0,0,0,0,0
Olcella parva,larvalDiet,0,0,1,0,0,0,0,0,0,0,0,1,0,0,0,0
Chironomus acidophilus,adultDiet,1,0,0,0,0,0,0,1,0,0,0,0,0,0,0,0
Chironomus acidophilus,larvalDiet,1,0,0,0,0,0,0,0,0,0,0,0,0,1,0,0
Belida chaetoneura,adultDiet,0,0,1,0,1,0,0,0,0,0,0,0,0,0,0,0
Belida chaetoneura,larvalDiet,0,0,1,0,0,0,0,0,0,0,1,0,0,0,0,0
Diamesa hyperborea,adultDiet,1,0,0,0,0,0,0,1,0,0,0,0,0,0,0,0
Diamesa hyperborea,larvalDiet,1,0,0,0,0,0,0,0,0,0,0,0,0,1,0,0
Pollenia pediculata,adultDiet,0,0,1,0,1,0,0,0,0,0,0,0,0,0,0,0
Pollenia pediculata,larvalDiet,0,0,1,0,0,0,0,0,0,0,1,0,0,0,0,0
Coenosia intacta,adultDiet,0,0,1,0,0,0,0,0,0,0,0,0,0,0,1,0
Coenosia intacta,larvalDiet,0,0,1,0,0,0,0,0,0,0,0,0,0,0,1,0
Phytoliriomyza arctica,adultDiet,0,0,1,0,0,0,0,0,0,0,0,1,0,0,0,0
Phytoliriomyza arctica,larvalDiet,0,0,1,0,0,0,0,0,0,0,0,1,0,0,0,0
Rheocricotopus chapmani,adultDiet,1,0,0,0,0,0,0,1,0,0,0,0,0,0,0,0
Rheocricotopus chapmani,larvalDiet,1,0,0,0,0,0,0,0,0,0,0,0,0,1,0,0
Sericomyia chalcopyga,adultDiet,0,1,0,0,1,0,0,0,0,0,0,0,0,0,0,0
Sericomyia chalcopyga,larvalDiet,0,1,0,0,0,0,0,0,0,0,0,0,0,0,0,1
Cricotopus polaris,adultDiet,1,0,0,0,0,0,0,1,0,0,0,0,0,0,0,0
Cricotopus polaris,larvalDiet,1,0,0,0,0,0,0,0,0,0,0,1,0,0,0,0
Tipula arctica,adultDiet,1,0,0,0,0,0,0,1,0,0,0,0,0,0,0,0
Tipula arctica,larvalDiet,1,0,0,0,0,0,0,0,0,0,0,1,0,0,0,0
Psychoda trinodulosa,adultDiet,0,1,0,0,0,0,0,0,0,0,0,0,0,0,0,1
Psychoda trinodulosa,larvalDiet,0,1,0,0,0,0,0,0,0,0,0,0,0,0,0,1
Bradysia cellarum,adultDiet,0,0,1,0,0,0,0,1,0,0,0,0,0,0,0,0
Bradysia cellarum,larvalDiet,0,0,1,0,0,0,0,0,0,0,0,0,1,0,0,0
Mydaea occidentalis,adultDiet,0,0,1,0,1,0,0,0,0,0,0,0,0,0,0,0
Mydaea occidentalis,larvalDiet,0,0,1,0,0,0,0,0,0,0,0,0,0,0,1,0
Hypoderma tarandi,adultDiet,0,0,1,0,0,0,0,1,0,0,0,0,0,0,0,0
Hypoderma tarandi,larvalDiet,0,0,1,0,0,0,0,0,0,1,0,0,0,0,0,0
Spilogona griseola,adultDiet,0,0,1,0,0,0,0,0,0,0,0,0,0,0,1,0
Spilogona griseola,larvalDiet,0,0,1,0,0,0,0,0,0,0,0,0,0,0,1,0
Asteromyia carbonifera,adultDiet,0,0,1,0,0,0,0,1,0,0,0,0,0,0,0,0
Asteromyia carbonifera,larvalDiet,0,0,1,1,0,0,0,0,0,0,0,0,0,0,0,0
Hybomitra illota,adultDiet,0,0,1,0,1,0,0,0,0,0,0,0,0,0,0,0
Hybomitra illota,larvalDiet,0,0,1,0,0,0,0,0,0,0,0,0,0,0,0,1
Zaphne brunneifrons,adultDiet,0,0,1,0,1,0,0,0,0,0,0,0,0,0,0,0
Zaphne brunneifrons,larvalDiet,0,0,1,0,0,0,0,0,0,0,0,1,0,0,0,0
Platycheirus confusus,adultDiet,0,0,1,0,1,0,0,0,0,0,0,0,0,0,0,0
Platycheirus confusus,larvalDiet,0,0,1,0,0,0,0,0,0,0,0,0,0,0,1,0
Micropsectra recurvata,adultDiet,1,0,0,0,0,0,0,1,0,0,0,0,0,0,0,0
Micropsectra recurvata,larvalDiet,1,0,0,0,0,0,0,0,0,0,0,0,0,1,0,0
Dryomyza setosa,adultDiet,1,0,0,0,0,0,0,1,0,0,0,0,0,0,0,0
Dryomyza setosa,larvalDiet,1,0,0,0,0,0,0,0,0,0,0,0,0,0,1,0
Coenosia verralli,adultDiet,0,0,1,0,0,0,0,0,0,0,0,0,0,0,1,0
Coenosia verralli,larvalDiet,0,0,1,0,0,0,0,0,0,0,0,0,0,0,1,0
Exechia subfrigida,adultDiet,0,0,1,0,0,0,0,1,0,0,0,0,0,0,0,0
Exechia subfrigida,larvalDiet,0,0,1,1,0,0,0,0,0,0,0,0,0,0,0,0
Boletina populina,adultDiet,0,0,1,0,0,0,0,1,0,0,0,0,0,0,0,0
Boletina populina,larvalDiet,0,0,1,0,0,0,0,0,0,0,0,0,0,0,0,1
Aedes cinereus,adultDiet,1,0,0,0,0,1,0,0,0,0,0,0,0,0,0,0
Aedes cinereus,larvalDiet,1,0,0,0,0,0,0,0,1,0,0,0,0,0,0,0
Paratanytarsus setosimanus,adultDiet,1,0,0,0,0,0,0,1,0,0,0,0,0,0,0,0
Paratanytarsus setosimanus,larvalDiet,1,0,0,0,0,0,0,0,0,0,0,0,0,1,0,0
Fannia spathiophora,adultDiet,0,0,1,0,0,0,0,0,0,0,0,0,0,0,0,1
Fannia spathiophora,larvalDiet,0,0,1,0,0,0,0,0,0,0,0,0,0,0,0,1
Lucilia silvarum,adultDiet,0,0,1,0,1,0,0,0,0,0,0,0,0,0,0,0
Lucilia silvarum,larvalDiet,0,0,1,0,0,0,0,0,0,0,0,0,0,0,0,1
Orthocladius rivulorum,adultDiet,1,0,0,0,0,0,0,1,0,0,0,0,0,0,0,0
Orthocladius rivulorum,larvalDiet,1,0,0,0,0,0,0,0,0,0,0,0,0,1,0,0
Mycetophila fungorum,adultDiet,0,0,1,0,0,0,0,1,0,0,0,0,0,0,0,0
Mycetophila fungorum,larvalDiet,0,0,1,1,0,0,0,0,0,0,0,0,0,0,0,0
Simulium verecundum,adultDiet,1,0,0,0,0,0,0,0,0,0,0,0,0,0,0,1
Simulium verecundum,larvalDiet,1,0,0,0,0,0,0,0,0,0,0,0,0,0,0,1
Eupeodes luniger,adultDiet,0,0,1,0,1,0,0,0,0,0,0,0,0,0,0,0
Eupeodes luniger,larvalDiet,0,0,1,0,0,0,0,0,0,0,0,0,0,0,1,0
Parakiefferiella scandica,adultDiet,1,0,0,0,0,0,0,1,0,0,0,0,0,0,0,0
Parakiefferiella scandica,larvalDiet,1,0,0,0,0,0,0,0,0,0,0,0,0,1,0,0
Dolichopus comatus,adultDiet,0,1,0,0,0,0,0,0,0,0,0,0,0,0,1,0
Dolichopus comatus,larvalDiet,0,1,0,0,0,0,0,0,0,0,0,0,0,0,1,0
Hybos reversus,adultDiet,0,0,1,0,0,0,0,0,0,0,0,0,0,0,1,0
Hybos reversus,larvalDiet,0,0,1,0,0,0,0,0,0,0,0,0,0,0,1,0
Chironomus bifurcatus,adultDiet,1,0,0,0,0,0,0,1,0,0,0,0,0,0,0,0
Chironomus bifurcatus,larvalDiet,1,0,0,0,0,0,0,0,0,0,0,0,0,1,0,0
Phaonia apicalis,adultDiet,0,0,1,0,1,0,0,0,0,0,0,0,0,0,0,0
Phaonia apicalis,larvalDiet,0,0,1,0,0,0,0,0,0,0,0,0,0,0,1,0
Phaonia fuscana,adultDiet,0,0,1,0,1,0,0,0,0,0,0,0,0,0,0,0
Phaonia fuscana,larvalDiet,0,0,1,0,0,0,0,0,0,0,0,0,0,0,1,0
Cricotopus laricomalis,adultDiet,1,0,0,0,0,0,0,1,0,0,0,0,0,0,0,0
Cricotopus laricomalis,larvalDiet,1,0,0,0,0,0,0,0,0,0,0,1,0,0,0,0
Psectrocladius oxyura,adultDiet,1,0,0,0,0,0,0,1,0,0,0,0,0,0,0,0
Psectrocladius oxyura,larvalDiet,1,0,0,0,0,0,0,0,0,0,0,0,0,1,0,0
Smittia edwardsi,adultDiet,0,0,1,0,0,0,0,1,0,0,0,0,0,0,0,0
Smittia edwardsi,larvalDiet,0,0,1,0,0,0,0,0,0,0,0,0,0,1,0,0
Megaselia longicostalis,adultDiet,0,0,1,0,0,0,0,0,0,0,0,0,0,0,0,1
Megaselia longicostalis,larvalDiet,0,0,1,0,0,0,0,0,0,0,0,0,0,0,0,1
Platypalpus xanthopodus,adultDiet,0,0,1,0,0,0,0,0,0,0,0,0,0,0,1,0
Platypalpus xanthopodus,larvalDiet,0,0,1,0,0,0,0,0,0,0,0,0,0,0,1,0
Helina rufitibia,adultDiet,0,0,1,0,0,0,0,0,0,0,0,0,0,0,0,1
Helina rufitibia,larvalDiet,0,0,1,0,0,0,0,0,0,0,0,0,0,0,0,1
Corynoneura arctica,adultDiet,1,0,0,0,0,0,0,1,0,0,0,0,0,0,0,0
Corynoneura arctica,larvalDiet,1,0,0,0,0,0,0,0,0,0,0,0,0,1,0,0
Procladius crassinervis,adultDiet,1,0,0,0,0,0,0,1,0,0,0,0,0,0,0,0
Procladius crassinervis,larvalDiet,1,0,0,0,0,0,0,0,0,0,0,0,0,0,1,0
Metalimnobia triocellata,adultDiet,0,1,0,0,0,0,0,1,0,0,0,0,0,0,0,0
Metalimnobia triocellata,larvalDiet,0,1,0,0,0,0,0,0,0,0,0,0,0,0,0,1
Eutrichota tunicata,adultDiet,0,0,1,0,1,0,0,0,0,0,0,0,0,0,0,0
Eutrichota tunicata,larvalDiet,0,0,1,0,0,0,0,0,0,0,0,1,0,0,0,0
Melanostoma mellinum,adultDiet,0,0,1,0,1,0,0,0,0,0,0,0,0,0,0,0
Melanostoma mellinum,larvalDiet,0,0,1,0,0,0,0,0,0,0,0,0,0,0,1,0
Lispocephala alma,adultDiet,0,0,1,0,0,0,0,0,0,0,0,0,0,0,1,0
Lispocephala alma,larvalDiet,0,0,1,0,0,0,0,0,0,0,0,0,0,0,1,0
Helina setiventris,adultDiet,0,0,1,0,0,0,0,0,0,0,0,0,0,0,0,1
Helina setiventris,larvalDiet,0,0,1,0,0,0,0,0,0,0,0,0,0,0,0,1
Platycheirus hyperboreus,adultDiet,0,0,1,0,1,0,0,0,0,0,0,0,0,0,0,0
Platycheirus hyperboreus,larvalDiet,0,0,1,0,0,0,0,0,0,0,0,0,0,0,1,0
Limnophyes asquamatus,adultDiet,1,0,0,0,0,0,0,1,0,0,0,0,0,0,0,0
Limnophyes asquamatus,larvalDiet,1,0,0,0,0,0,0,0,0,0,0,0,0,1,0,0
Themira nigricornis,adultDiet,0,0,1,0,0,0,1,0,0,0,0,0,0,0,0,0
Themira nigricornis,larvalDiet,0,0,1,0,0,0,0,0,0,0,0,0,0,0,0,1
Bradysia scabricornis,adultDiet,0,0,1,0,0,0,0,1,0,0,0,0,0,0,0,0
Bradysia scabricornis,larvalDiet,0,0,1,0,0,0,0,0,0,0,0,0,1,0,0,0
Philygria debilis,adultDiet,1,0,0,0,0,0,0,0,0,0,0,1,0,0,0,0
Philygria debilis,larvalDiet,1,0,0,0,0,0,0,0,0,0,0,1,0,0,0,0
Limnophora rotundata,adultDiet,1,0,0,0,0,0,0,0,0,0,0,0,0,0,1,0
Limnophora rotundata,larvalDiet,1,0,0,0,0,0,0,0,0,0,0,0,0,0,1,0
Cricotopus perniger,adultDiet,1,0,0,0,0,0,0,1,0,0,0,0,0,0,0,0
Cricotopus perniger,larvalDiet,1,0,0,0,0,0,0,0,0,0,0,1,0,0,0,0
Metalimnobia immatura,adultDiet,0,1,0,0,0,0,0,1,0,0,0,0,0,0,0,0
Metalimnobia immatura,larvalDiet,0,1,0,0,0,0,0,0,0,0,0,0,0,0,0,1
Rhamphomyia albopilosa,adultDiet,0,0,1,0,0,0,0,0,0,0,0,0,0,0,1,0
Rhamphomyia albopilosa,larvalDiet,0,0,1,0,0,0,0,0,0,0,0,0,0,0,1,0
Chymomyza amoena,adultDiet,0,0,1,0,0,0,0,0,0,0,0,0,0,0,0,1
Chymomyza amoena,larvalDiet,0,0,1,0,0,0,0,0,0,0,0,0,0,0,0,1
Suillia sororcula,adultDiet,0,0,1,0,0,0,0,1,0,0,0,0,0,0,0,0
Suillia sororcula,larvalDiet,0,0,1,1,0,0,0,0,0,0,0,0,0,0,0,0
Spilogona deflorata,adultDiet,0,0,1,0,0,0,0,0,0,0,0,0,0,0,1,0
Spilogona deflorata,larvalDiet,0,0,1,0,0,0,0,0,0,0,0,0,0,0,1,0
Delia setigera,adultDiet,0,0,1,0,1,0,0,0,0,0,0,0,0,0,0,0
Delia setigera,larvalDiet,0,0,1,0,0,0,0,0,0,0,0,1,0,0,0,0
Dasyhelea arenivaga,adultDiet,0,1,0,0,1,0,0,0,0,0,0,0,0,0,0,0
Dasyhelea arenivaga,larvalDiet,0,1,0,0,0,0,0,0,1,0,0,0,0,0,0,0
Helina pectinata,adultDiet,0,0,1,0,0,0,0,0,0,0,0,0,0,0,0,1
Helina pectinata,larvalDiet,0,0,1,0,0,0,0,0,0,0,0,0,0,0,0,1
Leptocera caenosa,adultDiet,0,1,0,0,0,0,0,1,0,0,0,0,0,0,0,0
Leptocera caenosa,larvalDiet,0,1,0,0,0,0,0,0,0,0,0,0,0,0,0,1
Coenosia pilosissima,adultDiet,0,0,1,0,0,0,0,0,0,0,0,0,0,0,1,0
Coenosia pilosissima,larvalDiet,0,0,1,0,0,0,0,0,0,0,0,0,0,0,1,0
Gymnometriocnemus volitans,adultDiet,0,0,1,0,0,0,0,1,0,0,0,0,0,0,0,0
Gymnometriocnemus volitans,larvalDiet,0,0,1,0,0,0,0,0,0,0,0,0,0,1,0,0
Platycheirus obscurus,adultDiet,0,0,1,0,1,0,0,0,0,0,0,0,0,0,0,0
Platycheirus obscurus,larvalDiet,0,0,1,0,0,0,0,0,0,0,0,0,0,0,1,0
Orthocladius mallochi,adultDiet,1,0,0,0,0,0,0,1,0,0,0,0,0,0,0,0
Orthocladius mallochi,larvalDiet,1,0,0,0,0,0,0,0,0,0,0,0,0,1,0,0
Boletina dissipata,adultDiet,0,0,1,0,0,0,0,1,0,0,0,0,0,0,0,0
Boletina dissipata,larvalDiet,0,0,1,0,0,0,0,0,0,0,0,0,0,0,0,1
Scaptomyza flava,adultDiet,0,0,1,0,0,0,0,0,0,0,0,0,0,0,0,1
Scaptomyza flava,larvalDiet,0,0,1,0,0,0,0,0,0,0,0,0,0,0,0,1
Chaoborus punctipennis,adultDiet,1,0,0,0,0,0,0,1,0,0,0,0,0,0,0,0
Chaoborus punctipennis,larvalDiet,1,0,0,0,0,0,0,0,0,0,0,0,0,0,1,0
Coenosia transiens,adultDiet,0,0,1,0,0,0,0,0,0,0,0,0,0,0,1,0
Coenosia transiens,larvalDiet,0,0,1,0,0,0,0,0,0,0,0,0,0,0,1,0
Protophormia atriceps,adultDiet,0,0,1,0,1,0,0,0,0,0,0,0,0,0,0,0
Protophormia atriceps,larvalDiet,0,0,1,0,0,0,0,0,0,0,0,0,0,0,0,1
Spilogona trigonata,adultDiet,0,0,1,0,0,0,0,0,0,0,0,0,0,0,1,0
Spilogona trigonata,larvalDiet,0,0,1,0,0,0,0,0,0,0,0,0,0,0,1,0
Cricotopus infuscatus,adultDiet,1,0,0,0,0,0,0,1,0,0,0,0,0,0,0,0
Cricotopus infuscatus,larvalDiet,1,0,0,0,0,0,0,0,0,0,0,1,0,0,0,0
Bradysia vagans,adultDiet,0,0,1,0,0,0,0,1,0,0,0,0,0,0,0,0
Bradysia vagans,larvalDiet,0,0,1,0,0,0,0,0,0,0,0,0,1,0,0,0
Symplecta scotica,adultDiet,0,1,0,0,0,0,0,1,0,0,0,0,0,0,0,0
Symplecta scotica,larvalDiet,0,1,0,0,0,0,0,0,0,0,0,0,0,0,0,1
Phaonia consobrina,adultDiet,0,0,1,0,1,0,0,0,0,0,0,0,0,0,0,0
Phaonia consobrina,larvalDiet,0,0,1,0,0,0,0,0,0,0,0,0,0,0,1,0
Cricotopus tremulus,adultDiet,1,0,0,0,0,0,0,1,0,0,0,0,0,0,0,0
Cricotopus tremulus,larvalDiet,1,0,0,0,0,0,0,0,0,0,0,1,0,0,0,0
Spilogona melanosoma,adultDiet,0,0,1,0,0,0,0,0,0,0,0,0,0,0,1,0
Spilogona melanosoma,larvalDiet,0,0,1,0,0,0,0,0,0,0,0,0,0,0,1,0
Rhamphomyia pendens,adultDiet,0,0,1,0,0,0,0,0,0,0,0,0,0,0,1,0
Rhamphomyia pendens,larvalDiet,0,0,1,0,0,0,0,0,0,0,0,0,0,0,1,0
Rivellia pallida,adultDiet,0,0,1,0,0,0,0,0,0,0,0,1,0,0,0,0
Rivellia pallida,larvalDiet,0,0,1,0,0,0,0,0,0,0,0,1,0,0,0,0
Boletina onegensis,adultDiet,0,0,1,0,0,0,0,1,0,0,0,0,0,0,0,0
Boletina onegensis,larvalDiet,0,0,1,0,0,0,0,0,0,0,0,0,0,0,0,1
Fannia brooksi,adultDiet,0,0,1,0,0,0,0,0,0,0,0,0,0,0,0,1
Fannia brooksi,larvalDiet,0,0,1,0,0,0,0,0,0,0,0,0,0,0,0,1
Siphona subarctica,adultDiet,0,0,1,0,1,0,0,0,0,0,0,0,0,0,0,0
Siphona subarctica,larvalDiet,0,0,1,0,0,0,0,0,0,0,1,0,0,0,0,0
Thricops albibasalis,adultDiet,0,0,1,0,1,0,0,0,0,0,0,0,0,0,0,0
Thricops albibasalis,larvalDiet,0,0,1,0,0,0,0,0,0,0,0,1,0,0,0,0
Scathophaga stercoraria,adultDiet,0,0,1,0,0,0,0,0,0,0,0,0,0,0,1,0
Scathophaga stercoraria,larvalDiet,0,0,1,0,0,0,0,0,0,0,0,0,0,0,0,1
Cerodontha fasciata,adultDiet,0,0,1,0,0,0,0,0,0,0,0,1,0,0,0,0
Cerodontha fasciata,larvalDiet,0,0,1,0,0,0,0,0,0,0,0,1,0,0,0,0
Megaselia fungivora,adultDiet,0,0,1,0,0,0,0,0,0,0,0,0,0,0,0,1
Megaselia fungivora,larvalDiet,0,0,1,0,0,0,0,0,0,0,0,0,0,0,0,1
Muscina pascuorum,adultDiet,0,0,1,0,0,0,0,0,0,0,0,0,0,0,1,0
Muscina pascuorum,larvalDiet,0,0,1,0,0,0,0,0,0,0,0,0,0,0,1,0
Phronia egregia,adultDiet,0,0,1,0,0,0,0,1,0,0,0,0,0,0,0,0
Phronia egregia,larvalDiet,0,0,1,1,0,0,0,0,0,0,0,0,0,0,0,0
Limnophyes ninae,adultDiet,1,0,0,0,0,0,0,1,0,0,0,0,0,0,0,0
Limnophyes ninae,larvalDiet,1,0,0,0,0,0,0,0,0,0,0,0,0,1,0,0
Chironomus maturus,adultDiet,1,0,0,0,0,0,0,1,0,0,0,0,0,0,0,0
Chironomus maturus,larvalDiet,1,0,0,0,0,0,0,0,0,0,0,0,0,1,0,0
Chrysops carbonarius,adultDiet,1,0,0,0,0,1,0,0,0,0,0,0,0,0,0,0
Chrysops carbonarius,larvalDiet,1,0,0,0,0,0,0,0,0,0,0,0,0,0,0,1
Themira annulipes,adultDiet,0,0,1,0,0,0,1,0,0,0,0,0,0,0,0,0
Themira annulipes,larvalDiet,0,0,1,0,0,0,0,0,0,0,0,0,0,0,0,1
Anthomyia mimetica,adultDiet,0,0,1,0,1,0,0,0,0,0,0,0,0,0,0,0
Anthomyia mimetica,larvalDiet,0,0,1,0,0,0,0,0,0,0,0,1,0,0,0,0
Camptochaeta hirtula,adultDiet,0,0,1,0,0,0,0,1,0,0,0,0,0,0,0,0
Camptochaeta hirtula,larvalDiet,0,0,1,1,0,0,0,0,0,0,0,0,0,0,0,0
Blaesoxipha hunteri,adultDiet,0,0,1,0,0,0,1,0,0,0,0,0,0,0,0,0
Blaesoxipha hunteri,larvalDiet,0,0,1,0,0,0,0,0,0,0,1,0,0,0,0,0
Simulium tuberosum,adultDiet,1,0,0,0,0,1,0,0,0,0,0,0,0,0,0,0
Simulium tuberosum,larvalDiet,1,0,0,0,0,0,0,0,0,0,0,0,0,0,0,1
Chaetocladius perennis,adultDiet,1,0,0,0,0,0,0,1,0,0,0,0,0,0,0,0
Chaetocladius perennis,larvalDiet,1,0,0,0,0,0,0,0,0,0,0,0,0,1,0,0
Dasysyrphus pauxillus,adultDiet,0,0,1,0,1,0,0,0,0,0,0,0,0,0,0,0
Dasysyrphus pauxillus,larvalDiet,0,0,1,0,0,0,0,0,0,0,0,0,0,0,1,0
Megaselia lucifrons,adultDiet,0,0,1,0,0,0,0,0,0,0,0,0,0,0,0,1
Megaselia lucifrons,larvalDiet,0,0,1,0,0,0,0,0,0,0,0,0,0,0,0,1
Stempellinella edwardsi,adultDiet,1,0,0,0,0,0,0,1,0,0,0,0,0,0,0,0
Stempellinella edwardsi,larvalDiet,1,0,0,0,0,0,0,0,0,0,0,0,0,1,0,0
Musca autumnalis,adultDiet,0,0,1,0,0,0,0,0,0,0,0,0,0,0,1,0
Musca autumnalis,larvalDiet,0,0,1,0,0,0,0,0,0,0,0,0,0,0,1,0
Tanytarsus allicis,adultDiet,1,0,0,0,0,0,0,1,0,0,0,0,0,0,0,0
Tanytarsus allicis,larvalDiet,1,0,0,0,0,0,0,0,0,0,0,0,0,1,0,0
Blera scitula,adultDiet,0,1,0,0,1,0,0,0,0,0,0,0,0,0,0,0
Blera scitula,larvalDiet,0,1,0,0,0,0,0,0,0,0,0,0,0,0,0,1
Limnophila rufibasis,adultDiet,0,1,0,0,0,0,0,1,0,0,0,0,0,0,0,0
Limnophila rufibasis,larvalDiet,0,1,0,0,0,0,0,0,0,0,0,0,0,0,0,1
Forcipomyia glauca,adultDiet,0,0,1,0,0,1,0,0,0,0,0,0,0,0,0,0
Forcipomyia glauca,larvalDiet,0,0,1,0,0,0,0,0,0,0,0,0,0,1,0,0
Megaselia nigriceps,adultDiet,0,0,1,0,0,0,0,0,0,0,0,0,0,0,0,1
Megaselia nigriceps,larvalDiet,0,0,1,0,0,0,0,0,0,0,0,0,0,0,0,1
Conchapelopia pallens,adultDiet,1,0,0,0,0,0,0,1,0,0,0,0,0,0,0,0
Conchapelopia pallens,larvalDiet,1,0,0,0,0,0,0,0,0,0,0,0,0,1,0,0
Thaumatomyia bistriata,adultDiet,0,0,1,0,1,0,0,0,0,0,0,0,0,0,0,0
Thaumatomyia bistriata,larvalDiet,0,0,1,0,0,0,0,0,0,0,0,1,0,0,0,0
Micropsectra polita,adultDiet,1,0,0,0,0,0,0,1,0,0,0,0,0,0,0,0
Micropsectra polita,larvalDiet,1,0,0,0,0,0,0,0,0,0,0,0,0,1,0,0
Neodexiopsis calopyga,adultDiet,0,0,1,0,0,0,0,0,0,0,0,0,0,0,1,0
Neodexiopsis calopyga,larvalDiet,0,0,1,0,0,0,0,0,0,0,0,0,0,0,1,0
Corynoptera bicuspidata,adultDiet,0,0,1,0,0,0,0,1,0,0,0,0,0,0,0,0
Corynoptera bicuspidata,larvalDiet,0,0,1,0,0,0,0,0,0,0,0,0,0,0,0,1
Hybomitra epistates,adultDiet,0,0,1,0,1,0,0,0,0,0,0,0,0,0,0,0
Hybomitra epistates,larvalDiet,0,0,1,0,0,0,0,0,0,0,0,0,0,0,0,1
Nephrotoma ferruginea,adultDiet,1,0,0,0,0,0,0,1,0,0,0,0,0,0,0,0
Nephrotoma ferruginea,larvalDiet,1,0,0,0,0,0,0,0,0,0,0,0,0,0,0,1
Orthocladius gelidorum,adultDiet,1,0,0,0,0,0,0,1,0,0,0,0,0,0,0,0
Orthocladius gelidorum,larvalDiet,1,0,0,0,0,0,0,0,0,0,0,0,0,1,0,0
Pollenia griseotomentosa,adultDiet,0,0,1,0,1,0,0,0,0,0,0,0,0,0,0,0
Pollenia griseotomentosa,larvalDiet,0,0,1,0,0,0,0,0,0,0,1,0,0,0,0,0
Phaonia monticola,adultDiet,0,0,1,0,1,0,0,0,0,0,0,0,0,0,0,0
Phaonia monticola,larvalDiet,0,0,1,0,0,0,0,0,0,0,0,0,0,0,1,0
Diamesa arctica,adultDiet,1,0,0,0,0,0,0,1,0,0,0,0,0,0,0,0
Diamesa arctica,larvalDiet,1,0,0,0,0,0,0,0,0,0,0,0,0,1,0,0
Schoenomyza dorsalis,adultDiet,0,0,1,0,0,0,0,0,0,0,0,0,0,0,1,0
Schoenomyza dorsalis,larvalDiet,0,0,1,0,0,0,0,0,0,0,0,0,0,0,1,0
Actia interrupta,adultDiet,0,0,1,0,1,0,0,0,0,0,0,0,0,0,0,0
Actia interrupta,larvalDiet,0,0,1,0,0,0,0,0,0,0,1,0,0,0,0,0
Cricotopus tibialis,adultDiet,1,0,0,0,0,0,0,1,0,0,0,0,0,0,0,0
Cricotopus tibialis,larvalDiet,1,0,0,0,0,0,0,0,0,0,0,1,0,0,0,0
Micropsectra subletteorum,adultDiet,1,0,0,0,0,0,0,1,0,0,0,0,0,0,0,0
Micropsectra subletteorum,larvalDiet,1,0,0,0,0,0,0,0,0,0,0,0,0,1,0,0
Spilogona pacifica,adultDiet,0,0,1,0,0,0,0,0,0,0,0,0,0,0,1,0
Spilogona pacifica,larvalDiet,0,0,1,0,0,0,0,0,0,0,0,0,0,0,1,0
Camptochaeta flagellifera,adultDiet,0,0,1,0,0,0,0,1,0,0,0,0,0,0,0,0
Camptochaeta flagellifera,larvalDiet,0,0,1,1,0,0,0,0,0,0,0,0,0,0,0,0
Tanytarsus bathophilus,adultDiet,1,0,0,0,0,0,0,1,0,0,0,0,0,0,0,0
Tanytarsus bathophilus,larvalDiet,1,0,0,0,0,0,0,0,0,0,0,0,0,1,0,0
Pollenia labialis,adultDiet,0,0,1,0,1,0,0,0,0,0,0,0,0,0,0,0
Pollenia labialis,larvalDiet,0,0,1,0,0,0,0,0,0,0,1,0,0,0,0,0
Spilogona tundrae,adultDiet,0,0,1,0,0,0,0,0,0,0,0,0,0,0,1,0
Spilogona tundrae,larvalDiet,0,0,1,0,0,0,0,0,0,0,0,0,0,0,1,0
Dolichopus groenlandicus,adultDiet,0,1,0,0,0,0,0,0,0,0,0,0,0,0,1,0
Dolichopus groenlandicus,larvalDiet,0,1,0,0,0,0,0,0,0,0,0,0,0,0,1,0
Ormosia affinis,adultDiet,0,1,0,0,0,0,0,1,0,0,0,0,0,0,0,0
Ormosia affinis,larvalDiet,0,1,0,0,0,0,0,0,0,0,0,0,0,0,0,1
Pherbellia tenuipes,adultDiet,1,0,0,0,0,0,0,0,0,0,0,1,0,0,0,0
Pherbellia tenuipes,larvalDiet,1,0,0,0,0,0,0,0,0,0,0,0,0,0,1,0
Lasiomma latipenne,adultDiet,0,0,1,0,1,0,0,0,0,0,0,0,0,0,0,0
Lasiomma latipenne,larvalDiet,0,0,1,0,0,0,0,0,0,0,0,1,0,0,0,0
Scaptomyza adusta,adultDiet,0,0,1,0,0,0,0,0,0,0,0,0,0,0,0,1
Scaptomyza adusta,larvalDiet,0,0,1,0,0,0,0,0,0,0,0,0,0,0,0,1
Metalimnobia solitaria,adultDiet,0,1,0,0,0,0,0,1,0,0,0,0,0,0,0,0
Metalimnobia solitaria,larvalDiet,0,1,0,0,0,0,0,0,0,0,0,0,0,0,0,1
Heringia calcarata,adultDiet,0,0,1,0,1,0,0,0,0,0,0,0,0,0,0,0
Heringia calcarata,larvalDiet,0,0,1,0,0,0,0,0,0,0,0,0,0,0,1,0
Procladius denticulatus,adultDiet,1,0,0,0,0,0,0,1,0,0,0,0,0,0,0,0
Procladius denticulatus,larvalDiet,1,0,0,0,0,0,0,0,0,0,0,0,0,0,1,0
Phronia cinerascens,adultDiet,0,0,1,0,0,0,0,1,0,0,0,0,0,0,0,0
Phronia cinerascens,larvalDiet,0,0,1,1,0,0,0,0,0,0,0,0,0,0,0,0
Platypalpus pulicarius,adultDiet,0,0,1,0,0,0,0,0,0,0,0,0,0,0,1,0
Platypalpus pulicarius,larvalDiet,0,0,1,0,0,0,0,0,0,0,0,0,0,0,1,0
Thaumatomyia pulla,adultDiet,0,0,1,0,1,0,0,0,0,0,0,0,0,0,0,0
Thaumatomyia pulla,larvalDiet,0,0,1,0,0,0,0,0,0,0,0,1,0,0,0,0
Ravinia querula,adultDiet,0,0,1,0,0,0,1,0,0,0,0,0,0,0,0,0
Ravinia querula,larvalDiet,0,0,1,0,0,0,0,0,0,0,0,0,0,0,0,1
Psectrocladius sordidellus,adultDiet,1,0,0,0,0,0,0,1,0,0,0,0,0,0,0,0
Psectrocladius sordidellus,larvalDiet,1,0,0,0,0,0,0,0,0,0,0,0,0,1,0,0
Zaphne divisa,adultDiet,0,0,1,0,1,0,0,0,0,0,0,0,0,0,0,0
Zaphne divisa,larvalDiet,0,0,1,0,0,0,0,0,0,0,0,1,0,0,0,0
Boletina groenlandica,adultDiet,0,0,1,0,0,0,0,1,0,0,0,0,0,0,0,0
Boletina groenlandica,larvalDiet,0,0,1,0,0,0,0,0,0,0,0,0,0,0,0,1
Orthocladius roussellae,adultDiet,1,0,0,0,0,0,0,1,0,0,0,0,0,0,0,0
Orthocladius roussellae,larvalDiet,1,0,0,0,0,0,0,0,0,0,0,0,0,1,0,0
Drosophila neotestacea,adultDiet,0,0,1,1,0,0,0,0,0,0,0,0,0,0,0,0
Drosophila neotestacea,larvalDiet,0,0,1,1,0,0,0,0,0,0,0,0,0,0,0,0
Boettcheria bisetosa,adultDiet,0,0,1,0,0,0,1,0,0,0,0,0,0,0,0,0
Boettcheria bisetosa,larvalDiet,0,0,1,0,0,0,0,0,0,0,0,0,0,0,0,1
Bradysia nitidicollis,adultDiet,0,0,1,0,0,0,0,1,0,0,0,0,0,0,0,0
Bradysia nitidicollis,larvalDiet,0,0,1,0,0,0,0,0,0,0,0,0,1,0,0,0
Paraphaenocladius brevinervis,adultDiet,1,0,0,0,0,0,0,1,0,0,0,0,0,0,0,0
Paraphaenocladius brevinervis,larvalDiet,1,0,0,0,0,0,0,0,0,0,0,0,0,1,0,0
Leptocera erythrocera,adultDiet,0,1,0,0,0,0,0,1,0,0,0,0,0,0,0,0
Leptocera erythrocera,larvalDiet,0,1,0,0,0,0,0,0,0,0,0,0,0,0,0,1
Boletina nitiduloides,adultDiet,0,0,1,0,0,0,0,1,0,0,0,0,0,0,0,0
Boletina nitiduloides,larvalDiet,0,0,1,0,0,0,0,0,0,0,0,0,0,0,0,1
Hydrobaenus fusistylus,adultDiet,1,0,0,0,0,0,0,1,0,0,0,0,0,0,0,0
Hydrobaenus fusistylus,larvalDiet,1,0,0,0,0,0,0,0,0,0,0,0,0,1,0,0
Dolichopus lamellipes,adultDiet,0,1,0,0,0,0,0,0,0,0,0,0,0,0,1,0
Dolichopus lamellipes,larvalDiet,0,1,0,0,0,0,0,0,0,0,0,0,0,0,1,0
Exechia frigida,adultDiet,0,0,1,0,0,0,0,1,0,0,0,0,0,0,0,0
Exechia frigida,larvalDiet,0,0,1,1,0,0,0,0,0,0,0,0,0,0,0,0
Hybomitra zonalis,adultDiet,0,0,1,0,1,0,0,0,0,0,0,0,0,0,0,0
Hybomitra zonalis,larvalDiet,0,0,1,0,0,0,0,0,0,0,0,0,0,0,0,1
Aedes vexans,adultDiet,1,0,0,0,0,1,0,0,0,0,0,0,0,0,0,0
Aedes vexans,larvalDiet,1,0,0,0,0,0,0,0,1,0,0,0,0,0,0,0
Tipula diflava,adultDiet,1,0,0,0,0,0,0,1,0,0,0,0,0,0,0,0
Tipula diflava,larvalDiet,1,0,0,0,0,0,0,0,0,0,0,1,0,0,0,0
Phaonia errans,adultDiet,0,0,1,0,1,0,0,0,0,0,0,0,0,0,0,0
Phaonia errans,larvalDiet,0,0,1,0,0,0,0,0,0,0,0,0,0,0,1,0
Eutrichota lipsia,adultDiet,0,0,1,0,1,0,0,0,0,0,0,0,0,0,0,0
Eutrichota lipsia,larvalDiet,0,0,1,0,0,0,0,0,0,0,0,1,0,0,0,0
Sepsis punctum,adultDiet,0,0,1,0,0,0,1,0,0,0,0,0,0,0,0,0
Sepsis punctum,larvalDiet,0,0,1,0,0,0,0,0,0,0,0,0,0,0,0,1
Megaselia hirtiventris,adultDiet,0,0,1,0,0,0,0,0,0,0,0,0,0,0,0,1
Megaselia hirtiventris,larvalDiet,0,0,1,0,0,0,0,0,0,0,0,0,0,0,0,1
Thaumatomyia glabra,adultDiet,0,0,1,0,1,0,0,0,0,0,0,0,0,0,0,0
Thaumatomyia glabra,larvalDiet,0,0,1,0,0,0,0,0,0,0,0,1,0,0,0,0
Platycheirus rosarum,adultDiet,0,0,1,0,1,0,0,0,0,0,0,0,0,0,0,0
Platycheirus rosarum,larvalDiet,0,0,1,0,0,0,0,0,0,0,0,0,0,0,1,0
Cricotopus triannulatus,adultDiet,1,0,0,0,0,0,0,1,0,0,0,0,0,0,0,0
Cricotopus triannulatus,larvalDiet,1,0,0,0,0,0,0,0,0,0,0,1,0,0,0,0
Calliphora loewi,adultDiet,0,0,1,0,1,0,0,0,0,0,0,0,0,0,0,0
Calliphora loewi,larvalDiet,0,0,1,0,0,0,0,0,0,0,0,0,0,0,0,1
Botanophila spinidens,adultDiet,0,0,1,0,1,0,0,0,0,0,0,0,0,0,0,0
Botanophila spinidens,larvalDiet,0,0,1,0,0,0,0,0,0,0,0,0,1,0,0,0
Cricotopus intersectus,adultDiet,1,0,0,0,0,0,0,1,0,0,0,0,0,0,0,0
Cricotopus intersectus,larvalDiet,1,0,0,0,0,0,0,0,0,0,0,1,0,0,0,0
Bradysia peraffinis,adultDiet,0,0,1,0,0,0,0,1,0,0,0,0,0,0,0,0
Bradysia peraffinis,larvalDiet,0,0,1,0,0,0,0,0,0,0,0,0,1,0,0,0
Suillia convergens,adultDiet,0,0,1,0,0,0,0,1,0,0,0,0,0,0,0,0
Suillia convergens,larvalDiet,0,0,1,1,0,0,0,0,0,0,0,0,0,0,0,0
Coelosia gracilis,adultDiet,0,0,1,0,0,0,0,1,0,0,0,0,0,0,0,0
Coelosia gracilis,larvalDiet,0,0,1,1,0,0,0,0,0,0,0,0,0,0,0,0
Simulium defoliarti,adultDiet,1,0,0,0,0,1,0,0,0,0,0,0,0,0,0,0
Simulium defoliarti,larvalDiet,1,0,0,0,0,0,0,0,0,0,0,0,0,0,0,1
Cricotopus vierriensis,adultDiet,1,0,0,0,0,0,0,1,0,0,0,0,0,0,0,0
Cricotopus vierriensis,larvalDiet,1,0,0,0,0,0,0,0,0,0,0,1,0,0,0,0
Exechia micans,adultDiet,0,0,1,0,0,0,0,1,0,0,0,0,0,0,0,0
Exechia micans,larvalDiet,0,0,1,1,0,0,0,0,0,0,0,0,0,0,0,0
Azelia cilipes,adultDiet,0,0,1,0,0,0,0,0,0,0,0,0,0,0,1,0
Azelia cilipes,larvalDiet,0,0,1,0,0,0,0,0,0,0,0,0,0,0,1,0
Drosophila affinis,adultDiet,0,0,1,0,0,0,0,0,0,0,0,0,0,0,0,1
Drosophila affinis,larvalDiet,0,0,1,0,0,0,0,0,0,0,0,0,0,0,0,1
Exechia similis,adultDiet,0,0,1,0,0,0,0,1,0,0,0,0,0,0,0,0
Exechia similis,larvalDiet,0,0,1,1,0,0,0,0,0,0,0,0,0,0,0,0
Fannia armata,adultDiet,0,0,1,0,0,0,0,0,0,0,0,0,0,0,0,1
Fannia armata,larvalDiet,0,0,1,0,0,0,0,0,0,0,0,0,0,0,0,1
Drosophila quinaria,adultDiet,0,0,1,0,0,0,0,0,0,0,0,0,0,0,0,1
Drosophila quinaria,larvalDiet,0,0,1,0,0,0,0,0,0,0,0,0,0,0,0,1
Eukiefferiella claripennis,adultDiet,1,0,0,0,0,0,0,1,0,0,0,0,0,0,0,0
Eukiefferiella claripennis,larvalDiet,1,0,0,0,0,0,0,0,0,0,0,0,0,1,0,0
Tokunagaia rectangularis,adultDiet,1,0,0,0,0,0,0,1,0,0,0,0,0,0,0,0
Tokunagaia rectangularis,larvalDiet,1,0,0,0,0,0,0,0,0,0,0,0,0,1,0,0
Mycetophila luctuosa,adultDiet,0,0,1,0,0,0,0,1,0,0,0,0,0,0,0,0
Mycetophila luctuosa,larvalDiet,0,0,1,1,0,0,0,0,0,0,0,0,0,0,0,0
Suillia barberi,adultDiet,0,0,1,0,0,0,0,1,0,0,0,0,0,0,0,0
Suillia barberi,larvalDiet,0,0,1,1,0,0,0,0,0,0,0,0,0,0,0,0
Rhopalopterum soror,adultDiet,0,0,1,0,1,0,0,0,0,0,0,0,0,0,0,0
Rhopalopterum soror,larvalDiet,0,0,1,0,0,0,0,0,0,0,0,1,0,0,0,0
Calliphora livida,adultDiet,0,0,1,0,1,0,0,0,0,0,0,0,0,0,0,0
Calliphora livida,larvalDiet,0,0,1,0,0,0,0,0,0,0,0,0,0,0,0,1
Helina cinerella,adultDiet,0,0,1,0,0,0,0,0,0,0,0,0,0,0,0,1
Helina cinerella,larvalDiet,0,0,1,0,0,0,0,0,0,0,0,0,0,0,0,1
Helina reversio,adultDiet,0,0,1,0,0,0,0,0,0,0,0,0,0,0,0,1
Helina reversio,larvalDiet,0,0,1,0,0,0,0,0,0,0,0,0,0,0,0,1
Paratanytarsus natvigi,adultDiet,1,0,0,0,0,0,0,1,0,0,0,0,0,0,0,0
Paratanytarsus natvigi,larvalDiet,1,0,0,0,0,0,0,0,0,0,0,0,0,1,0,0
Limnophyes brachytomus,adultDiet,1,0,0,0,0,0,0,1,0,0,0,0,0,0,0,0
Limnophyes brachytomus,larvalDiet,1,0,0,0,0,0,0,0,0,0,0,0,0,1,0,0
Dolichopus plumipes,adultDiet,0,1,0,0,0,0,0,0,0,0,0,0,0,0,1,0
Dolichopus plumipes,larvalDiet,0,1,0,0,0,0,0,0,0,0,0,0,0,0,1,0
Mydaea affinis,adultDiet,0,0,1,0,1,0,0,0,0,0,0,0,0,0,0,0
Mydaea affinis,larvalDiet,0,0,1,0,0,0,0,0,0,0,0,0,0,0,1,0
Cricotopus bicinctus,adultDiet,1,0,0,0,0,0,0,1,0,0,0,0,0,0,0,0
Cricotopus bicinctus,larvalDiet,1,0,0,0,0,0,0,0,0,0,0,1,0,0,0,0
Dolichopus diversipennis,adultDiet,0,1,0,0,0,0,0,0,0,0,0,0,0,0,1,0
Dolichopus diversipennis,larvalDiet,0,1,0,0,0,0,0,0,0,0,0,0,0,0,1,0
Corynoptera subparvula,adultDiet,0,0,1,0,0,0,0,1,0,0,0,0,0,0,0,0
Corynoptera subparvula,larvalDiet,0,0,1,0,0,0,0,0,0,0,0,0,0,0,0,1
Chelipoda elongata,adultDiet,1,0,0,0,0,0,0,0,0,0,0,0,0,0,1,0
Chelipoda elongata,larvalDiet,1,0,0,0,0,0,0,0,0,0,0,0,0,0,1,0
Hydrobaenus conformis,adultDiet,1,0,0,0,0,0,0,1,0,0,0,0,0,0,0,0
Hydrobaenus conformis,larvalDiet,1,0,0,0,0,0,0,0,0,0,0,0,0,1,0,0
Scatopsciara geophila,adultDiet,0,0,1,0,0,0,0,1,0,0,0,0,0,0,0,0
Scatopsciara geophila,larvalDiet,0,0,1,0,0,0,0,0,0,0,0,1,0,0,0,0
Chalarus decorus,adultDiet,0,0,1,0,0,0,0,0,0,0,0,1,0,0,0,0
Chalarus decorus,larvalDiet,0,0,1,0,0,0,0,0,0,0,1,0,0,0,0,0
Sphaerophoria scripta,adultDiet,0,0,1,0,1,0,0,0,0,0,0,0,0,0,0,0
Sphaerophoria scripta,larvalDiet,0,0,1,0,0,0,0,0,0,0,0,0,0,0,1,0
Sylvicola alternatus,adultDiet,0,0,1,0,1,0,0,0,0,0,0,0,0,0,0,0
Sylvicola alternatus,larvalDiet,0,0,1,0,0,0,0,0,0,0,0,0,0,0,0,1
Lasiomma cuneicorne,adultDiet,0,0,1,0,1,0,0,0,0,0,0,0,0,0,0,0
Lasiomma cuneicorne,larvalDiet,0,0,1,0,0,0,0,0,0,0,0,1,0,0,0,0
Boettcheria litorosa,adultDiet,0,0,1,0,0,0,1,0,0,0,0,0,0,0,0,0
Boettcheria litorosa,larvalDiet,0,0,1,0,0,0,0,0,0,0,0,0,0,0,0,1
Spilogona denudata,adultDiet,0,0,1,0,0,0,0,0,0,0,0,0,0,0,1,0
Spilogona denudata,larvalDiet,0,0,1,0,0,0,0,0,0,0,0,0,0,0,1,0
Simulium vittatum,adultDiet,1,0,0,0,0,1,0,0,0,0,0,0,0,0,0,0
Simulium vittatum,larvalDiet,1,0,0,0,0,0,0,0,0,0,0,1,0,0,0,0
Hydrotaea militaris,adultDiet,0,0,1,0,0,0,0,0,0,0,0,0,0,0,0,1
Hydrotaea militaris,larvalDiet,0,0,1,0,0,0,0,0,0,0,0,0,0,0,0,1
Iteaphila macquarti,adultDiet,0,0,1,0,1,0,0,0,0,0,0,0,0,0,0,0
Iteaphila macquarti,larvalDiet,0,0,1,0,0,0,0,0,0,0,0,1,0,0,0,0
Tanytarsus recurvatus,adultDiet,1,0,0,0,0,0,0,1,0,0,0,0,0,0,0,0
Tanytarsus recurvatus,larvalDiet,1,0,0,0,0,0,0,0,0,0,0,0,0,1,0,0
Protophormia terraenovae,adultDiet,0,0,1,0,1,0,0,0,0,0,0,0,0,0,0,0
Protophormia terraenovae,larvalDiet,0,0,1,0,0,0,0,0,0,0,0,0,0,0,0,1
Ravinia stimulans,adultDiet,0,0,1,0,0,0,1,0,0,0,0,0,0,0,0,0
Ravinia stimulans,larvalDiet,0,0,1,0,0,0,0,0,0,0,0,0,0,0,0,1
Rhamphomyia hoeli,adultDiet,0,0,1,0,0,0,0,0,0,0,0,0,0,0,1,0
Rhamphomyia hoeli,larvalDiet,0,0,1,0,0,0,0,0,0,0,0,0,0,0,1,0
Liriomyza fricki,adultDiet,0,0,1,0,0,0,0,0,0,0,0,1,0,0,0,0
Liriomyza fricki,larvalDiet,0,0,1,0,0,0,0,0,0,0,0,1,0,0,0,0
Trichosia townesi,adultDiet,0,0,1,0,0,0,0,1,0,0,0,0,0,0,0,0
Trichosia townesi,larvalDiet,0,0,1,0,0,0,0,0,0,0,0,0,0,0,0,1
Helina obscurata,adultDiet,0,0,1,0,0,0,0,0,0,0,0,0,0,0,0,1
Helina obscurata,larvalDiet,0,0,1,0,0,0,0,0,0,0,0,0,0,0,0,1
Dolichopus humilis,adultDiet,0,1,0,0,0,0,0,0,0,0,0,0,0,0,1,0
Dolichopus humilis,larvalDiet,0,1,0,0,0,0,0,0,0,0,0,0,0,0,1,0
Tanytarsus dendyi,adultDiet,1,0,0,0,0,0,0,1,0,0,0,0,0,0,0,0
Tanytarsus dendyi,larvalDiet,1,0,0,0,0,0,0,0,0,0,0,0,0,1,0,0
Boettcheria latisterna,adultDiet,0,0,1,0,0,0,1,0,0,0,0,0,0,0,0,0
Boettcheria latisterna,larvalDiet,0,0,1,0,0,0,0,0,0,0,0,0,0,0,0,1
Phaonia luteva,adultDiet,0,0,1,0,1,0,0,0,0,0,0,0,0,0,0,0
Phaonia luteva,larvalDiet,0,0,1,0,0,0,0,0,0,0,0,0,0,0,1,0
Bradysia impatiens,adultDiet,0,0,1,0,0,0,0,1,0,0,0,0,0,0,0,0
Bradysia impatiens,larvalDiet,0,0,1,0,0,0,0,0,0,0,0,0,1,0,0,0
Metriocnemus ursinus,adultDiet,1,0,0,0,0,0,0,1,0,0,0,0,0,0,0,0
Metriocnemus ursinus,larvalDiet,1,0,0,0,0,0,0,0,0,0,0,0,0,1,0,0
Tanytarsus herrmanni,adultDiet,1,0,0,0,0,0,0,1,0,0,0,0,0,0,0,0
Tanytarsus herrmanni,larvalDiet,1,0,0,0,0,0,0,0,0,0,0,0,0,1,0,0
Spilogona aerea,adultDiet,0,0,1,0,0,0,0,0,0,0,0,0,0,0,1,0
Spilogona aerea,larvalDiet,0,0,1,0,0,0,0,0,0,0,0,0,0,0,1,0
Cheilotrichia cinerascens,adultDiet,0,1,0,0,0,0,0,1,0,0,0,0,0,0,0,0
Cheilotrichia cinerascens,larvalDiet,0,1,0,0,0,0,0,0,0,0,0,0,0,0,0,1
Trichocoelina vitticollis,adultDiet,0,0,1,0,0,0,0,1,0,0,0,0,0,0,0,0
Trichocoelina vitticollis,larvalDiet,0,0,1,0,0,0,0,0,0,0,0,0,0,0,0,1
Scatopsciara vitripennis,adultDiet,0,0,1,0,0,0,0,1,0,0,0,0,0,0,0,0
Scatopsciara vitripennis,larvalDiet,0,0,1,0,0,0,0,0,0,0,0,1,0,0,0,0
Dolichopus stenhammari,adultDiet,0,1,0,0,0,0,0,0,0,0,0,0,0,0,1,0
Dolichopus stenhammari,larvalDiet,0,1,0,0,0,0,0,0,0,0,0,0,0,0,1,0
Megaselia sulphurizona,adultDiet,0,0,1,0,0,0,0,0,0,0,0,0,0,0,0,1
Megaselia sulphurizona,larvalDiet,0,0,1,0,0,0,0,0,0,0,0,0,0,0,0,1
Lispe albitarsis,adultDiet,1,0,0,0,0,0,0,0,0,0,0,0,0,0,1,0
Lispe albitarsis,larvalDiet,1,0,0,0,0,0,0,0,0,0,0,0,0,0,1,0
Bradysia trivittata,adultDiet,0,0,1,0,0,0,0,1,0,0,0,0,0,0,0,0
Bradysia trivittata,larvalDiet,0,0,1,0,0,0,0,0,0,0,0,0,1,0,0,0
Dasyhelea modesta,adultDiet,0,1,0,0,1,0,0,0,0,0,0,0,0,0,0,0
Dasyhelea modesta,larvalDiet,0,1,0,0,0,0,0,0,1,0,0,0,0,0,0,0
Coenosia tigrina,adultDiet,0,0,1,0,0,0,0,0,0,0,0,0,0,0,1,0
Coenosia tigrina,larvalDiet,0,0,1,0,0,0,0,0,0,0,0,0,0,0,1,0
Drosophila subquinaria,adultDiet,0,0,1,1,0,0,0,0,0,0,0,0,0,0,0,0
Drosophila subquinaria,larvalDiet,0,0,1,1,0,0,0,0,0,0,0,0,0,0,0,0
Platycheirus quadratus,adultDiet,0,0,1,0,1,0,0,0,0,0,0,0,0,0,0,0
Platycheirus quadratus,larvalDiet,0,0,1,0,0,0,0,0,0,0,0,0,0,0,1,0
Syrphus vitripennis,adultDiet,0,0,1,0,1,0,0,0,0,0,0,0,0,0,0,0
Syrphus vitripennis,larvalDiet,0,0,1,0,0,0,0,0,0,0,0,0,0,0,1,0
Scaptomyza pallida,adultDiet,0,0,1,0,0,0,0,0,0,0,0,0,0,0,0,1
Scaptomyza pallida,larvalDiet,0,0,1,0,0,0,0,0,0,0,0,0,0,0,0,1
Parametriocnemus boreoalpinus,adultDiet,1,0,0,0,0,0,0,1,0,0,0,0,0,0,0,0
Parametriocnemus boreoalpinus,larvalDiet,1,0,0,0,0,0,0,0,0,0,0,0,0,1,0,0
Delia extensa,adultDiet,0,0,1,0,1,0,0,0,0,0,0,0,0,0,0,0
Delia extensa,larvalDiet,0,0,1,0,0,0,0,0,0,0,0,1,0,0,0,0
Chalcosyrphus nemorum,adultDiet,0,1,0,0,1,0,0,0,0,0,0,0,0,0,0,0
Chalcosyrphus nemorum,larvalDiet,0,1,0,0,0,0,0,0,0,0,0,0,0,0,0,1
Delia albula,adultDiet,0,0,1,0,1,0,0,0,0,0,0,0,0,0,0,0
Delia albula,larvalDiet,0,0,1,0,0,0,0,0,0,0,0,1,0,0,0,0
Cheilosia latrans,adultDiet,0,0,1,0,1,0,0,0,0,0,0,0,0,0,0,0
Cheilosia latrans,larvalDiet,0,0,1,0,0,0,0,0,0,0,0,1,0,0,0,0
Camptochaeta uniformis,adultDiet,0,0,1,0,0,0,0,1,0,0,0,0,0,0,0,0
Camptochaeta uniformis,larvalDiet,0,0,1,1,0,0,0,0,0,0,0,0,0,0,0,0
Limnophyes schnelli,adultDiet,1,0,0,0,0,0,0,1,0,0,0,0,0,0,0,0
Limnophyes schnelli,larvalDiet,1,0,0,0,0,0,0,0,0,0,0,0,0,1,0,0
Bradysia tilicola,adultDiet,0,0,1,0,0,0,0,1,0,0,0,0,0,0,0,0
Bradysia tilicola,larvalDiet,0,0,1,0,0,0,0,0,0,0,0,0,1,0,0,0
Aphanotrigonum trilineatum,adultDiet,0,0,1,0,1,0,0,0,0,0,0,0,0,0,0,0
Aphanotrigonum trilineatum,larvalDiet,0,0,1,0,0,0,0,0,0,0,0,1,0,0,0,0
Incertella incerta,adultDiet,0,0,1,0,1,0,0,0,0,0,0,0,0,0,0,0
Incertella incerta,larvalDiet,0,0,1,0,0,0,0,0,0,0,0,1,0,0,0,0
Micropsectra lindrothi,adultDiet,1,0,0,0,0,0,0,1,0,0,0,0,0,0,0,0
Micropsectra lindrothi,larvalDiet,1,0,0,0,0,0,0,0,0,0,0,0,0,1,0,0
Xylophagus reflectens,adultDiet,0,0,1,0,1,0,0,0,0,0,0,0,0,0,0,0
Xylophagus reflectens,larvalDiet,0,0,1,0,0,0,0,0,0,0,0,0,0,0,1,0
Laphria scorpio,adultDiet,0,0,1,0,0,0,0,0,0,0,0,0,0,0,1,0
Laphria scorpio,larvalDiet,0,0,1,0,0,0,0,0,0,0,0,0,0,0,1,0
Sarcophaga sinuata,adultDiet,0,0,1,0,0,0,1,0,0,0,0,0,0,0,0,0
Sarcophaga sinuata,larvalDiet,0,0,1,0,0,0,0,0,0,0,0,0,0,0,0,1
Helina annosa,adultDiet,0,0,1,0,0,0,0,0,0,0,0,0,0,0,0,1
Helina annosa,larvalDiet,0,0,1,0,0,0,0,0,0,0,0,0,0,0,0,1
Pollenia rudis,adultDiet,0,0,1,0,1,0,0,0,0,0,0,0,0,0,0,0
Pollenia rudis,larvalDiet,0,0,1,0,0,0,0,0,0,0,1,0,0,0,0,0
Fannia corvina,adultDiet,0,0,1,0,0,0,0,0,0,0,0,0,0,0,0,1
Fannia corvina,larvalDiet,0,0,1,0,0,0,0,0,0,0,0,0,0,0,0,1
Suillia apicalis,adultDiet,0,0,1,0,0,0,0,1,0,0,0,0,0,0,0,0
Suillia apicalis,larvalDiet,0,0,1,1,0,0,0,0,0,0,0,0,0,0,0,0
Neurigona tenuis,adultDiet,0,1,0,0,0,0,0,0,0,0,0,0,0,0,1,0
Neurigona tenuis,larvalDiet,0,1,0,0,0,0,0,0,0,0,0,0,0,0,1,0
Fannia ungulata,adultDiet,0,0,1,0,0,0,0,0,0,0,0,0,0,0,0,1
Fannia ungulata,larvalDiet,0,0,1,0,0,0,0,0,0,0,0,0,0,0,0,1
Tipula hewitti,adultDiet,1,0,0,0,0,0,0,1,0,0,0,0,0,0,0,0
Tipula hewitti,larvalDiet,1,0,0,0,0,0,0,0,0,0,0,1,0,0,0,0
Phaonia apicata,adultDiet,0,0,1,0,1,0,0,0,0,0,0,0,0,0,0,0
Phaonia apicata,larvalDiet,0,0,1,0,0,0,0,0,0,0,0,0,0,0,1,0
Tanytarsus lugens,adultDiet,1,0,0,0,0,0,0,1,0,0,0,0,0,0,0,0
Tanytarsus lugens,larvalDiet,1,0,0,0,0,0,0,0,0,0,0,0,0,1,0,0
Megaselia agarici,adultDiet,0,0,1,0,0,0,0,0,0,0,0,0,0,0,0,1
Megaselia agarici,larvalDiet,0,0,1,0,0,0,0,0,0,0,0,0,0,0,0,1
Dorylomorpha borealis,adultDiet,0,0,1,0,0,0,0,0,0,0,0,1,0,0,0,0
Dorylomorpha borealis,larvalDiet,0,0,1,0,0,0,0,0,0,0,1,0,0,0,0,0
Brevicornu fuscipenne,adultDiet,0,0,1,0,0,0,0,1,0,0,0,0,0,0,0,0
Brevicornu fuscipenne,larvalDiet,0,0,1,1,0,0,0,0,0,0,0,0,0,0,0,0
Cladotanytarsus amandus,adultDiet,1,0,0,0,0,0,0,1,0,0,0,0,0,0,0,0
Cladotanytarsus amandus,larvalDiet,1,0,0,0,0,0,0,0,0,0,0,0,0,1,0,0
Toxomerus marginatus,adultDiet,0,0,1,0,1,0,0,0,0,0,0,0,0,0,0,0
Toxomerus marginatus,larvalDiet,0,0,1,0,0,0,0,0,0,0,0,0,0,0,1,0
Megaselia subpalpalis,adultDiet,0,0,1,0,0,0,0,0,0,0,0,0,0,0,0,1
Megaselia subpalpalis,larvalDiet,0,0,1,0,0,0,0,0,0,0,0,0,0,0,0,1
Bradysia fungicola,adultDiet,0,0,1,0,0,0,0,1,0,0,0,0,0,0,0,0
Bradysia fungicola,larvalDiet,0,0,1,0,0,0,0,0,0,0,0,0,1,0,0,0
Psychoda phalaenoides,adultDiet,0,1,0,0,0,0,0,0,0,0,0,0,0,0,0,1
Psychoda phalaenoides,larvalDiet,0,1,0,0,0,0,0,0,0,0,0,0,0,0,0,1
Heterotrissocladius changi,adultDiet,1,0,0,0,0,0,0,1,0,0,0,0,0,0,0,0
Heterotrissocladius changi,larvalDiet,1,0,0,0,0,0,0,0,0,0,0,0,0,1,0,0
Phaonia bysia,adultDiet,0,0,1,0,1,0,0,0,0,0,0,0,0,0,0,0
Phaonia bysia,larvalDiet,0,0,1,0,0,0,0,0,0,0,0,0,0,0,1,0
Helina fulvisquama,adultDiet,0,0,1,0,0,0,0,0,0,0,0,0,0,0,0,1
Helina fulvisquama,larvalDiet,0,0,1,0,0,0,0,0,0,0,0,0,0,0,0,1
Suillia longipennis,adultDiet,0,0,1,0,0,0,0,1,0,0,0,0,0,0,0,0
Suillia longipennis,larvalDiet,0,0,1,1,0,0,0,0,0,0,0,0,0,0,0,0
Bradysia hilaris,adultDiet,0,0,1,0,0,0,0,1,0,0,0,0,0,0,0,0
Bradysia hilaris,larvalDiet,0,0,1,0,0,0,0,0,0,0,0,0,1,0,0,0
Hydrotaea scambus,adultDiet,0,0,1,0,0,0,0,0,0,0,0,0,0,0,0,1
Hydrotaea scambus,larvalDiet,0,0,1,0,0,0,0,0,0,0,0,0,0,0,0,1
Megaselia giraudii,adultDiet,0,0,1,0,0,0,0,0,0,0,0,0,0,0,0,1
Megaselia giraudii,larvalDiet,0,0,1,0,0,0,0,0,0,0,0,0,0,0,0,1
Parachironomus tenuicaudatus,adultDiet,1,0,0,0,0,0,0,1,0,0,0,0,0,0,0,0
Parachironomus tenuicaudatus,larvalDiet,1,0,0,0,0,0,0,0,0,0,0,0,0,1,0,0
Coenosia pumila,adultDiet,0,0,1,0,0,0,0,0,0,0,0,0,0,0,1,0
Coenosia pumila,larvalDiet,0,0,1,0,0,0,0,0,0,0,0,0,0,0,1,0
Cynomya mortuorum,adultDiet,0,0,1,0,1,0,0,0,0,0,0,0,0,0,0,0
Cynomya mortuorum,larvalDiet,0,0,1,0,0,0,0,0,0,0,0,0,0,0,0,1
Corynoptera furcata,adultDiet,0,0,1,0,0,0,0,1,0,0,0,0,0,0,0,0
Corynoptera furcata,larvalDiet,0,0,1,0,0,0,0,0,0,0,0,0,0,0,0,1
Mydaea detrita,adultDiet,0,0,1,0,1,0,0,0,0,0,0,0,0,0,0,0
Mydaea detrita,larvalDiet,0,0,1,0,0,0,0,0,0,0,0,0,0,0,1,0
Neoascia tenur,adultDiet,0,1,0,0,1,0,0,0,0,0,0,0,0,0,0,0
Neoascia tenur,larvalDiet,0,1,0,0,0,0,0,0,0,0,0,0,0,0,0,1
Chrysotoxum pubescens,adultDiet,0,0,1,0,1,0,0,0,0,0,0,0,0,0,0,0
Chrysotoxum pubescens,larvalDiet,0,0,1,0,0,0,0,0,0,0,0,0,0,0,1,0
Syrphus torvus,adultDiet,0,0,1,0,1,0,0,0,0,0,0,0,0,0,0,0
Syrphus torvus,larvalDiet,0,0,1,0,0,0,0,0,0,0,0,0,0,0,1,0
Helina depuncta,adultDiet,0,0,1,0,0,0,0,0,0,0,0,0,0,0,0,1
Helina depuncta,larvalDiet,0,0,1,0,0,0,0,0,0,0,0,0,0,0,0,1
Helina evecta,adultDiet,0,0,1,0,0,0,0,0,0,0,0,0,0,0,0,1
Helina evecta,larvalDiet,0,0,1,0,0,0,0,0,0,0,0,0,0,0,0,1
Orthocladius telochaetus,adultDiet,1,0,0,0,0,0,0,1,0,0,0,0,0,0,0,0
Orthocladius telochaetus,larvalDiet,1,0,0,0,0,0,0,0,0,0,0,0,0,1,0,0
Chalarus latifrons,adultDiet,0,0,1,0,0,0,0,0,0,0,0,1,0,0,0,0
Chalarus latifrons,larvalDiet,0,0,1,0,0,0,0,0,0,0,1,0,0,0,0,0
Spilogona fatima,adultDiet,0,0,1,0,0,0,0,0,0,0,0,0,0,0,1,0
Spilogona fatima,larvalDiet,0,0,1,0,0,0,0,0,0,0,0,0,0,0,1,0
Cordilura fuscipes,adultDiet,0,0,1,0,0,0,0,0,0,0,0,0,0,0,1,0
Cordilura fuscipes,larvalDiet,0,0,1,0,0,0,0,0,0,0,0,1,0,0,0,0
Pullimosina pullula,adultDiet,0,1,0,0,0,0,0,1,0,0,0,0,0,0,0,0
Pullimosina pullula,larvalDiet,0,1,0,0,0,0,0,0,0,0,0,0,0,0,0,1
Incertella minor,adultDiet,0,0,1,0,1,0,0,0,0,0,0,0,0,0,0,0
Incertella minor,larvalDiet,0,0,1,0,0,0,0,0,0,0,0,1,0,0,0,0
Pseudolimnophila luteipennis,adultDiet,0,1,0,0,0,0,0,1,0,0,0,0,0,0,0,0
Pseudolimnophila luteipennis,larvalDiet,0,1,0,0,0,0,0,0,0,0,0,0,0,0,0,1
Helina subvittata,adultDiet,0,0,1,0,0,0,0,0,0,0,0,0,0,0,0,1
Helina subvittata,larvalDiet,0,0,1,0,0,0,0,0,0,0,0,0,0,0,0,1
Pipunculus luteicornis,adultDiet,0,0,1,0,0,0,0,0,0,0,0,1,0,0,0,0
Pipunculus luteicornis,larvalDiet,0,0,1,0,0,0,0,0,0,0,1,0,0,0,0,0
Mycetophila perpallida,adultDiet,0,0,1,0,0,0,0,1,0,0,0,0,0,0,0,0
Mycetophila perpallida,larvalDiet,0,0,1,1,0,0,0,0,0,0,0,0,0,0,0,0
Coenosia mollicula,adultDiet,0,0,1,0,0,0,0,0,0,0,0,0,0,0,1,0
Coenosia mollicula,larvalDiet,0,0,1,0,0,0,0,0,0,0,0,0,0,0,1,0
Bradysia urticae,adultDiet,0,0,1,0,0,0,0,1,0,0,0,0,0,0,0,0
Bradysia urticae,larvalDiet,0,0,1,0,0,0,0,0,0,0,0,0,1,0,0,0
Corynoptera deserta,adultDiet,0,0,1,0,0,0,0,1,0,0,0,0,0,0,0,0
Corynoptera deserta,larvalDiet,0,0,1,0,0,0,0,0,0,0,0,0,0,0,0,1
Coenosia laeta,adultDiet,0,0,1,0,0,0,0,0,0,0,0,0,0,0,1,0
Coenosia laeta,larvalDiet,0,0,1,0,0,0,0,0,0,0,0,0,0,0,1,0
Megaselia aristalis,adultDiet,0,0,1,0,0,0,0,0,0,0,0,0,0,0,0,1
Megaselia aristalis,larvalDiet,0,0,1,0,0,0,0,0,0,0,0,0,0,0,0,1
Tokunagaia obriaini,adultDiet,1,0,0,0,0,0,0,1,0,0,0,0,0,0,0,0
Tokunagaia obriaini,larvalDiet,1,0,0,0,0,0,0,0,0,0,0,0,0,1,0,0
Tachinomyia variata,adultDiet,0,0,1,0,1,0,0,0,0,0,0,0,0,0,0,0
Tachinomyia variata,larvalDiet,0,0,1,0,0,0,0,0,0,0,1,0,0,0,0,0
Thricops diaphanus,adultDiet,0,0,1,0,1,0,0,0,0,0,0,0,0,0,0,0
Thricops diaphanus,larvalDiet,0,0,1,0,0,0,0,0,0,0,0,1,0,0,0,0
Bradysia inusitata,adultDiet,0,0,1,0,0,0,0,1,0,0,0,0,0,0,0,0
Bradysia inusitata,larvalDiet,0,0,1,0,0,0,0,0,0,0,0,0,1,0,0,0
Bradysia splendida,adultDiet,0,0,1,0,0,0,0,1,0,0,0,0,0,0,0,0
Bradysia splendida,larvalDiet,0,0,1,0,0,0,0,0,0,0,0,0,1,0,0,0
Helophilus lapponicus,adultDiet,0,1,0,0,1,0,0,0,0,0,0,0,0,0,0,0
Helophilus lapponicus,larvalDiet,0,1,0,0,0,0,0,0,0,0,0,0,0,0,0,1
Elachiptera californica,adultDiet,0,0,1,0,1,0,0,0,0,0,0,0,0,0,0,0
Elachiptera californica,larvalDiet,0,0,1,0,0,0,0,0,0,0,0,1,0,0,0,0
Corynoptera melanochaeta,adultDiet,0,0,1,0,0,0,0,1,0,0,0,0,0,0,0,0
Corynoptera melanochaeta,larvalDiet,0,0,1,0,0,0,0,0,0,0,0,0,0,0,0,1
Sarcophaga polistensis,adultDiet,0,0,1,0,0,0,1,0,0,0,0,0,0,0,0,0
Sarcophaga polistensis,larvalDiet,0,0,1,0,0,0,0,0,0,0,0,0,0,0,0,1
Spilogona novemmaculata,adultDiet,0,0,1,0,0,0,0,0,0,0,0,0,0,0,1,0
Spilogona novemmaculata,larvalDiet,0,0,1,0,0,0,0,0,0,0,0,0,0,0,1,0
Orthocladius oliveri,adultDiet,1,0,0,0,0,0,0,1,0,0,0,0,0,0,0,0
Orthocladius oliveri,larvalDiet,1,0,0,0,0,0,0,0,0,0,0,0,0,1,0,0
Coenosia campestris,adultDiet,0,0,1,0,0,0,0,0,0,0,0,0,0,0,1,0
Coenosia campestris,larvalDiet,0,0,1,0,0,0,0,0,0,0,0,0,0,0,1,0
Lycoriella flavipeda,adultDiet,0,0,1,0,0,0,0,1,0,0,0,0,0,0,0,0
Lycoriella flavipeda,larvalDiet,0,0,1,1,0,0,0,0,0,0,0,0,0,0,0,0
Mydaea furtiva,adultDiet,0,0,1,0,1,0,0,0,0,0,0,0,0,0,0,0
Mydaea furtiva,larvalDiet,0,0,1,0,0,0,0,0,0,0,0,0,0,0,1,0
Corynoneura scutellata,adultDiet,1,0,0,0,0,0,0,1,0,0,0,0,0,0,0,0
Corynoneura scutellata,larvalDiet,1,0,0,0,0,0,0,0,0,0,0,0,0,1,0,0
Chrysops furcatus,adultDiet,1,0,0,0,0,1,0,0,0,0,0,0,0,0,0,0
Chrysops furcatus,larvalDiet,1,0,0,0,0,0,0,0,0,0,0,0,0,0,0,1
Tanytarsus wirthi,adultDiet,1,0,0,0,0,0,0,1,0,0,0,0,0,0,0,0
Tanytarsus wirthi,larvalDiet,1,0,0,0,0,0,0,0,0,0,0,0,0,1,0,0
Sarcophaga caerulescens,adultDiet,0,0,1,0,0,0,1,0,0,0,0,0,0,0,0,0
Sarcophaga caerulescens,larvalDiet,0,0,1,0,0,0,0,0,0,0,0,0,0,0,0,1
Gymnometriocnemus brumalis,adultDiet,0,0,1,0,0,0,0,1,0,0,0,0,0,0,0,0
Gymnometriocnemus brumalis,larvalDiet,0,0,1,0,0,0,0,0,0,0,0,0,0,1,0,0
Dicrotendipes tritomus,adultDiet,1,0,0,0,0,0,0,1,0,0,0,0,0,0,0,0
Dicrotendipes tritomus,larvalDiet,1,0,0,0,0,0,0,0,0,0,0,0,0,1,0,0
Corynoptera subtrivialis,adultDiet,0,0,1,0,0,0,0,1,0,0,0,0,0,0,0,0
Corynoptera subtrivialis,larvalDiet,0,0,1,0,0,0,0,0,0,0,0,0,0,0,0,1
Psectrocladius fennicus,adultDiet,1,0,0,0,0,0,0,1,0,0,0,0,0,0,0,0
Psectrocladius fennicus,larvalDiet,1,0,0,0,0,0,0,0,0,0,0,0,0,1,0,0
Leptopeza flavipes,adultDiet,0,0,1,0,0,0,0,0,0,0,0,0,0,0,1,0
Leptopeza flavipes,larvalDiet,0,0,1,0,0,0,0,0,0,0,0,0,0,0,1,0
Chaoborus flavicans,adultDiet,1,0,0,0,0,0,0,1,0,0,0,0,0,0,0,0
Chaoborus flavicans,larvalDiet,1,0,0,0,0,0,0,0,0,0,0,0,0,0,1,0
Boletina hyperborea,adultDiet,0,0,1,0,0,0,0,1,0,0,0,0,0,0,0,0
Boletina hyperborea,larvalDiet,0,0,1,0,0,0,0,0,0,0,0,0,0,0,0,1
Prosimulium ursinum,adultDiet,1,0,0,0,0,1,0,0,0,0,0,0,0,0,0,0
Prosimulium ursinum,larvalDiet,1,0,0,0,0,0,0,0,0,0,0,1,0,0,0,0
Limnophora uniseta,adultDiet,1,0,0,0,0,0,0,0,0,0,0,0,0,0,1,0
Limnophora uniseta,larvalDiet,1,0,0,0,0,0,0,0,0,0,0,0,0,0,1,0
Platycheirus varipes,adultDiet,0,0,1,0,1,0,0,0,0,0,0,0,0,0,0,0
Platycheirus varipes,larvalDiet,0,0,1,0,0,0,0,0,0,0,0,0,0,0,1,0
Metriocnemus brusti,adultDiet,1,0,0,0,0,0,0,1,0,0,0,0,0,0,0,0
Metriocnemus brusti,larvalDiet,1,0,0,0,0,0,0,0,0,0,0,0,0,1,0,0
Tanytarsus heliomesonyctios,adultDiet,1,0,0,0,0,0,0,1,0,0,0,0,0,0,0,0
Tanytarsus heliomesonyctios,larvalDiet,1,0,0,0,0,0,0,0,0,0,0,0,0,1,0,0
Rivellia steyskali,adultDiet,0,0,1,0,0,0,0,0,0,0,0,1,0,0,0,0
Rivellia steyskali,larvalDiet,0,0,1,0,0,0,0,0,0,0,0,1,0,0,0,0
Phora carlina,adultDiet,0,0,1,0,0,0,0,0,0,0,0,0,0,0,0,1
Phora carlina,larvalDiet,0,0,1,0,0,0,0,0,0,0,0,0,0,0,0,1
Botanophila rubrigena,adultDiet,0,0,1,0,1,0,0,0,0,0,0,0,0,0,0,0
Botanophila rubrigena,larvalDiet,0,0,1,0,0,0,0,0,0,0,0,0,1,0,0,0
Rhamphomyia longicauda,adultDiet,0,0,1,0,0,0,0,0,0,0,0,0,0,0,1,0
Rhamphomyia longicauda,larvalDiet,0,0,1,0,0,0,0,0,0,0,0,0,0,0,1,0
Diamesa bertrami,adultDiet,1,0,0,0,0,0,0,1,0,0,0,0,0,0,0,0
Diamesa bertrami,larvalDiet,1,0,0,0,0,0,0,0,0,0,0,0,0,1,0,0
Hybomitra lurida,adultDiet,0,0,1,0,1,0,0,0,0,0,0,0,0,0,0,0
Hybomitra lurida,larvalDiet,0,0,1,0,0,0,0,0,0,0,0,0,0,0,0,1
Ptychoptera quadrifasciata,adultDiet,1,0,0,0,0,0,0,1,0,0,0,0,0,0,0,0
Ptychoptera quadrifasciata,larvalDiet,1,0,0,0,0,0,0,0,0,0,0,0,0,0,0,1
Pegomya circumpolaris,adultDiet,0,0,1,0,1,0,0,0,0,0,0,0,0,0,0,0
Pegomya circumpolaris,larvalDiet,0,0,1,0,0,0,0,0,0,0,0,1,0,0,0,0
Sciara humeralis,adultDiet,0,0,1,0,0,0,0,1,0,0,0,0,0,0,0,0
Sciara humeralis,larvalDiet,0,0,1,0,0,0,0,0,0,0,0,0,0,0,0,1
Anthomyia pluvialis,adultDiet,0,0,1,0,1,0,0,0,0,0,0,0,0,0,0,0
Anthomyia pluvialis,larvalDiet,0,0,1,0,0,0,0,0,0,0,0,1,0,0,0,0
Bradysia angustipennis,adultDiet,0,0,1,0,0,0,0,1,0,0,0,0,0,0,0,0
Bradysia angustipennis,larvalDiet,0,0,1,0,0,0,0,0,0,0,0,0,1,0,0,0
Spilogona obscuripennis,adultDiet,0,0,1,0,0,0,0,0,0,0,0,0,0,0,1,0
Spilogona obscuripennis,larvalDiet,0,0,1,0,0,0,0,0,0,0,0,0,0,0,1,0
Neurigona ciliata,adultDiet,0,1,0,0,0,0,0,0,0,0,0,0,0,0,1,0
Neurigona ciliata,larvalDiet,0,1,0,0,0,0,0,0,0,0,0,0,0,0,1,0
Smittia extrema,adultDiet,0,0,1,0,0,0,0,1,0,0,0,0,0,0,0,0
Smittia extrema,larvalDiet,0,0,1,0,0,0,0,0,0,0,0,0,0,1,0,0
Dolichopus brevipennis,adultDiet,0,1,0,0,0,0,0,0,0,0,0,0,0,0,1,0
Dolichopus brevipennis,larvalDiet,0,1,0,0,0,0,0,0,0,0,0,0,0,0,1,0
Camptochaeta delicata,adultDiet,0,0,1,0,0,0,0,1,0,0,0,0,0,0,0,0
Camptochaeta delicata,larvalDiet,0,0,1,1,0,0,0,0,0,0,0,0,0,0,0,0
Epichlorops scaber,adultDiet,0,0,1,0,1,0,0,0,0,0,0,0,0,0,0,0
Epichlorops scaber,larvalDiet,0,0,1,0,0,0,0,0,0,0,0,1,0,0,0,0
Simulium furculatum,adultDiet,1,0,0,0,0,1,0,0,0,0,0,0,0,0,0,0
Simulium furculatum,larvalDiet,1,0,0,0,0,0,0,0,0,0,0,0,0,0,0,1
Cratyna fulvicauda,adultDiet,0,0,1,0,0,0,0,1,0,0,0,0,0,0,0,0
Cratyna fulvicauda,larvalDiet,0,0,1,0,0,0,0,0,0,0,0,0,0,0,0,1
Orthocladius carlatus,adultDiet,1,0,0,0,0,0,0,1,0,0,0,0,0,0,0,0
Orthocladius carlatus,larvalDiet,1,0,0,0,0,0,0,0,0,0,0,0,0,1,0,0
Lispocephala erythrocera,adultDiet,0,0,1,0,0,0,0,0,0,0,0,0,0,0,1,0
Lispocephala erythrocera,larvalDiet,0,0,1,0,0,0,0,0,0,0,0,0,0,0,1,0
Muscina levida,adultDiet,0,0,1,0,0,0,0,0,0,0,0,0,0,0,1,0
Muscina levida,larvalDiet,0,0,1,0,0,0,0,0,0,0,0,0,0,0,1,0
Lycoriella secundaria,adultDiet,0,0,1,0,0,0,0,1,0,0,0,0,0,0,0,0
Lycoriella secundaria,larvalDiet,0,0,1,1,0,0,0,0,0,0,0,0,0,0,0,0
Megaselia shatesae,adultDiet,0,0,1,0,0,0,0,0,0,0,0,0,0,0,0,1
Megaselia shatesae,larvalDiet,0,0,1,0,0,0,0,0,0,0,0,0,0,0,0,1
Rhagio gracilis,adultDiet,0,0,1,0,0,0,0,0,0,0,0,0,0,0,1,0
Rhagio gracilis,larvalDiet,0,0,1,0,0,0,0,0,0,0,0,0,0,0,1,0
Neoascia geniculata,adultDiet,0,1,0,0,1,0,0,0,0,0,0,0,0,0,0,0
Neoascia geniculata,larvalDiet,0,1,0,0,0,0,0,0,0,0,0,0,0,0,0,1
Micropsectra nigripila,adultDiet,1,0,0,0,0,0,0,1,0,0,0,0,0,0,0,0
Micropsectra nigripila,larvalDiet,1,0,0,0,0,0,0,0,0,0,0,0,0,1,0,0
Orthocladius frigidus,adultDiet,1,0,0,0,0,0,0,1,0,0,0,0,0,0,0,0
Orthocladius frigidus,larvalDiet,1,0,0,0,0,0,0,0,0,0,0,0,0,1,0,0
Phaonia rugia,adultDiet,0,0,1,0,1,0,0,0,0,0,0,0,0,0,0,0
Phaonia rugia,larvalDiet,0,0,1,0,0,0,0,0,0,0,0,0,0,0,1,0
Claustropyga acanthostyla,adultDiet,0,0,1,0,0,0,0,1,0,0,0,0,0,0,0,0
Claustropyga acanthostyla,larvalDiet,0,0,1,0,0,0,0,0,0,0,0,0,0,0,0,1
Phaonia inenarrabilis,adultDiet,0,0,1,0,1,0,0,0,0,0,0,0,0,0,0,0
Phaonia inenarrabilis,larvalDiet,0,0,1,0,0,0,0,0,0,0,0,0,0,0,1,0
Spilogona suspecta,adultDiet,0,0,1,0,0,0,0,0,0,0,0,0,0,0,1,0
Spilogona suspecta,larvalDiet,0,0,1,0,0,0,0,0,0,0,0,0,0,0,1,0
Thaumatomyia trifasciata,adultDiet,0,0,1,0,1,0,0,0,0,0,0,0,0,0,0,0
Thaumatomyia trifasciata,larvalDiet,0,0,1,0,0,0,0,0,0,0,0,1,0,0,0,0
Ophiomyia quinta,adultDiet,0,0,1,0,0,0,0,0,0,0,0,1,0,0,0,0
Ophiomyia quinta,larvalDiet,0,0,1,0,0,0,0,0,0,0,0,1,0,0,0,0
Symplecta cana,adultDiet,0,1,0,0,0,0,0,1,0,0,0,0,0,0,0,0
Symplecta cana,larvalDiet,0,1,0,0,0,0,0,0,0,0,0,0,0,0,0,1
Micropsectra insignilobus,adultDiet,1,0,0,0,0,0,0,1,0,0,0,0,0,0,0,0
Micropsectra insignilobus,larvalDiet,1,0,0,0,0,0,0,0,0,0,0,0,0,1,0,0
Sericomyia chrysotoxoides,adultDiet,0,1,0,0,1,0,0,0,0,0,0,0,0,0,0,0
Sericomyia chrysotoxoides,larvalDiet,0,1,0,0,0,0,0,0,0,0,0,0,0,0,0,1
Corynoptera perpusilla,adultDiet,0,0,1,0,0,0,0,1,0,0,0,0,0,0,0,0
Corynoptera perpusilla,larvalDiet,0,0,1,0,0,0,0,0,0,0,0,0,0,0,0,1
Pollenia vagabunda,adultDiet,0,0,1,0,1,0,0,0,0,0,0,0,0,0,0,0
Pollenia vagabunda,larvalDiet,0,0,1,0,0,0,0,0,0,0,1,0,0,0,0,0
Dasysyrphus venustus,adultDiet,0,0,1,0,1,0,0,0,0,0,0,0,0,0,0,0
Dasysyrphus venustus,larvalDiet,0,0,1,0,0,0,0,0,0,0,0,0,0,0,1,0
Chrysops calvus,adultDiet,1,0,0,0,0,1,0,0,0,0,0,0,0,0,0,0
Chrysops calvus,larvalDiet,1,0,0,0,0,0,0,0,0,0,0,0,0,0,0,1
Nanocladius anderseni,adultDiet,1,0,0,0,0,0,0,1,0,0,0,0,0,0,0,0
Nanocladius anderseni,larvalDiet,1,0,0,0,0,0,0,0,0,0,0,0,0,1,0,0
Syrphus ribesii,adultDiet,0,0,1,0,1,0,0,0,0,0,0,0,0,0,0,0
Syrphus ribesii,larvalDiet,0,0,1,0,0,0,0,0,0,0,0,0,0,0,1,0
Phaonia pallidisquama,adultDiet,0,0,1,0,1,0,0,0,0,0,0,0,0,0,0,0
Phaonia pallidisquama,larvalDiet,0,0,1,0,0,0,0,0,0,0,0,0,0,0,1,0
Mydaea pseudonubila,adultDiet,0,0,1,0,1,0,0,0,0,0,0,0,0,0,0,0
Mydaea pseudonubila,larvalDiet,0,0,1,0,0,0,0,0,0,0,0,0,0,0,1,0
Liriomyza helianthi,adultDiet,0,0,1,0,0,0,0,0,0,0,0,1,0,0,0,0
Liriomyza helianthi,larvalDiet,0,0,1,0,0,0,0,0,0,0,0,1,0,0,0,0
Orthocladius subletteorum,adultDiet,1,0,0,0,0,0,0,1,0,0,0,0,0,0,0,0
Orthocladius subletteorum,larvalDiet,1,0,0,0,0,0,0,0,0,0,0,0,0,1,0,0
Cerodontha capitata,adultDiet,0,0,1,0,0,0,0,0,0,0,0,1,0,0,0,0
Cerodontha capitata,larvalDiet,0,0,1,0,0,0,0,0,0,0,0,1,0,0,0,0
Sarcophaga subvicina,adultDiet,0,0,1,0,0,0,1,0,0,0,0,0,0,0,0,0
Sarcophaga subvicina,larvalDiet,0,0,1,0,0,0,0,0,0,0,0,0,0,0,0,1
Corynoptera cursor,adultDiet,0,0,1,0,0,0,0,1,0,0,0,0,0,0,0,0
Corynoptera cursor,larvalDiet,0,0,1,0,0,0,0,0,0,0,0,0,0,0,0,1
Boettcheria cimbicis,adultDiet,0,0,1,0,0,0,1,0,0,0,0,0,0,0,0,0
Boettcheria cimbicis,larvalDiet,0,0,1,0,0,0,0,0,0,0,0,0,0,0,0,1
Sylvicola cinctus,adultDiet,0,0,1,0,1,0,0,0,0,0,0,0,0,0,0,0
Sylvicola cinctus,larvalDiet,0,0,1,0,0,0,0,0,0,0,0,0,0,0,0,1
Simulium silvestre,adultDiet,1,0,0,0,0,1,0,0,0,0,0,0,0,0,0,0
Simulium silvestre,larvalDiet,1,0,0,0,0,0,0,0,0,0,0,0,0,0,0,1
Lycoriella riparia,adultDiet,0,0,1,0,0,0,0,1,0,0,0,0,0,0,0,0
Lycoriella riparia,larvalDiet,0,0,1,1,0,0,0,0,0,0,0,0,0,0,0,0
Clusiodes johnsoni,adultDiet,0,0,1,0,0,0,0,0,0,0,0,0,0,0,0,1
Clusiodes johnsoni,larvalDiet,0,0,1,0,0,0,0,0,0,0,0,0,0,0,0,1
Scatopsciara fera,adultDiet,0,0,1,0,0,0,0,1,0,0,0,0,0,0,0,0
Scatopsciara fera,larvalDiet,0,0,1,0,0,0,0,0,0,0,0,1,0,0,0,0
Lasiomma octoguttatum,adultDiet,0,0,1,0,1,0,0,0,0,0,0,0,0,0,0,0
Lasiomma octoguttatum,larvalDiet,0,0,1,0,0,0,0,0,0,0,0,1,0,0,0,0
Tvetenia paucunca,adultDiet,1,0,0,0,0,0,0,1,0,0,0,0,0,0,0,0
Tvetenia paucunca,larvalDiet,1,0,0,0,0,0,0,0,0,0,0,0,0,1,0,0
Culiseta inornata,adultDiet,1,0,0,0,0,1,0,0,0,0,0,0,0,0,0,0
Culiseta inornata,larvalDiet,1,0,0,0,0,0,0,0,1,0,0,0,0,0,0,0
Medetera vittata,adultDiet,0,1,0,0,0,0,0,0,0,0,0,0,0,0,1,0
Medetera vittata,larvalDiet,0,1,0,0,0,0,0,0,0,0,0,0,0,0,1,0
Megaselia pleuralis,adultDiet,0,0,1,0,0,0,0,0,0,0,0,0,0,0,0,1
Megaselia pleuralis,larvalDiet,0,0,1,0,0,0,0,0,0,0,0,0,0,0,0,1
Drosophila putrida,adultDiet,0,0,1,1,0,0,0,0,0,0,0,0,0,0,0,0
Drosophila putrida,larvalDiet,0,0,1,1,0,0,0,0,0,0,0,0,0,0,0,0
Fannia sociella,adultDiet,0,0,1,0,0,0,0,0,0,0,0,0,0,0,0,1
Fannia sociella,larvalDiet,0,0,1,0,0,0,0,0,0,0,0,0,0,0,0,1
Schoenomyza litorella,adultDiet,0,0,1,0,0,0,0,0,0,0,0,0,0,0,1,0
Schoenomyza litorella,larvalDiet,0,0,1,0,0,0,0,0,0,0,0,0,0,0,1,0
Pipiza quadrimaculata,adultDiet,0,0,1,0,1,0,0,0,0,0,0,0,0,0,0,0
Pipiza quadrimaculata,larvalDiet,0,0,1,0,0,0,0,0,0,0,0,0,0,0,1,0
Micropsectra logani,adultDiet,1,0,0,0,0,0,0,1,0,0,0,0,0,0,0,0
Micropsectra logani,larvalDiet,1,0,0,0,0,0,0,0,0,0,0,0,0,1,0,0
Spelobia clunipes,adultDiet,0,1,0,0,0,0,0,1,0,0,0,0,0,0,0,0
Spelobia clunipes,larvalDiet,0,1,0,0,0,0,0,0,0,0,0,0,0,0,0,1
Dicrotendipes modestus,adultDiet,1,0,0,0,0,0,0,1,0,0,0,0,0,0,0,0
Dicrotendipes modestus,larvalDiet,1,0,0,0,0,0,0,0,0,0,0,0,0,1,0,0
Tachinomyia panaetius,adultDiet,0,0,1,0,1,0,0,0,0,0,0,0,0,0,0,0
Tachinomyia panaetius,larvalDiet,0,0,1,0,0,0,0,0,0,0,1,0,0,0,0,0
Rhagio mystaceus,adultDiet,0,0,1,0,0,0,0,0,0,0,0,0,0,0,1,0
Rhagio mystaceus,larvalDiet,0,0,1,0,0,0,0,0,0,0,0,0,0,0,1,0
Hydrellia notata,adultDiet,1,0,0,0,0,0,0,0,0,0,0,0,0,0,1,0
Hydrellia notata,larvalDiet,1,0,0,0,0,0,0,0,0,0,0,1,0,0,0,0
Paratanytarsus grimmii,adultDiet,1,0,0,0,0,0,0,1,0,0,0,0,0,0,0,0
Paratanytarsus grimmii,larvalDiet,1,0,0,0,0,0,0,0,0,0,0,0,0,1,0,0
Tanytarsus volgensis,adultDiet,1,0,0,0,0,0,0,1,0,0,0,0,0,0,0,0
Tanytarsus volgensis,larvalDiet,1,0,0,0,0,0,0,0,0,0,0,0,0,1,0,0
Fannia scyphocerca,adultDiet,0,0,1,0,0,0,0,0,0,0,0,0,0,0,0,1
Fannia scyphocerca,larvalDiet,0,0,1,0,0,0,0,0,0,0,0,0,0,0,0,1
Alliopsis fractiseta,adultDiet,0,0,1,0,1,0,0,0,0,0,0,0,0,0,0,0
Alliopsis fractiseta,larvalDiet,0,0,1,0,0,0,0,0,0,0,0,1,0,0,0,0
Cratyna cryptospina,adultDiet,0,0,1,0,0,0,0,1,0,0,0,0,0,0,0,0
Cratyna cryptospina,larvalDiet,0,0,1,0,0,0,0,0,0,0,0,0,0,0,0,1
Bradysia placida,adultDiet,0,0,1,0,0,0,0,1,0,0,0,0,0,0,0,0
Bradysia placida,larvalDiet,0,0,1,0,0,0,0,0,0,0,0,0,1,0,0,0
Coenosia atritibia,adultDiet,0,0,1,0,0,0,0,0,0,0,0,0,0,0,1,0
Coenosia atritibia,larvalDiet,0,0,1,0,0,0,0,0,0,0,0,0,0,0,1,0
Calliphora vomitoria,adultDiet,0,0,1,0,1,0,0,0,0,0,0,0,0,0,0,0
Calliphora vomitoria,larvalDiet,0,0,1,0,0,0,0,0,0,0,0,0,0,0,0,1
Pegomya geniculata,adultDiet,0,0,1,0,1,0,0,0,0,0,0,0,0,0,0,0
Pegomya geniculata,larvalDiet,0,0,1,0,0,0,0,0,0,0,0,1,0,0,0,0
Apallates coxendix,adultDiet,0,0,1,0,1,0,0,0,0,0,0,0,0,0,0,0
Apallates coxendix,larvalDiet,0,0,1,0,0,0,0,0,0,0,0,1,0,0,0,0
Corynoptera subcavipes,adultDiet,0,0,1,0,0,0,0,1,0,0,0,0,0,0,0,0
Corynoptera subcavipes,larvalDiet,0,0,1,0,0,0,0,0,0,0,0,0,0,0,0,1
Eristalis dimidiata,adultDiet,1,0,0,0,1,0,0,0,0,0,0,0,0,0,0,0
Eristalis dimidiata,larvalDiet,1,0,0,0,0,0,0,0,0,0,0,0,0,0,0,1
Anthomyia plurinotata,adultDiet,0,0,1,0,1,0,0,0,0,0,0,0,0,0,0,0
Anthomyia plurinotata,larvalDiet,0,0,1,0,0,0,0,0,0,0,0,1,0,0,0,0
Chromatomyia fuscula,adultDiet,0,0,1,0,0,0,0,0,0,0,0,1,0,0,0,0
Chromatomyia fuscula,larvalDiet,0,0,1,0,0,0,0,0,0,0,0,1,0,0,0,0
Hybomitra lasiophthalma,adultDiet,0,0,1,0,1,0,0,0,0,0,0,0,0,0,0,0
Hybomitra lasiophthalma,larvalDiet,0,0,1,0,0,0,0,0,0,0,0,0,0,0,0,1
Rhamphomyia latilobata,adultDiet,0,0,1,0,0,0,0,0,0,0,0,0,0,0,1,0
Rhamphomyia latilobata,larvalDiet,0,0,1,0,0,0,0,0,0,0,0,0,0,0,1,0
Stempellinella fimbriata,adultDiet,1,0,0,0,0,0,0,1,0,0,0,0,0,0,0,0
Stempellinella fimbriata,larvalDiet,1,0,0,0,0,0,0,0,0,0,0,0,0,1,0,0
Dorylomorpha albitarsis,adultDiet,0,0,1,0,0,0,0,0,0,0,0,1,0,0,0,0
Dorylomorpha albitarsis,larvalDiet,0,0,1,0,0,0,0,0,0,0,1,0,0,0,0,0
Psectrocladius limbatellus,adultDiet,1,0,0,0,0,0,0,1,0,0,0,0,0,0,0,0
Psectrocladius limbatellus,larvalDiet,1,0,0,0,0,0,0,0,0,0,0,0,0,1,0,0
Limnophyes minimus,adultDiet,1,0,0,0,0,0,0,1,0,0,0,0,0,0,0,0
Limnophyes minimus,larvalDiet,1,0,0,0,0,0,0,0,0,0,0,0,0,1,0,0
Hybomitra frontalis,adultDiet,0,0,1,0,1,0,0,0,0,0,0,0,0,0,0,0
Hybomitra frontalis,larvalDiet,0,0,1,0,0,0,0,0,0,0,0,0,0,0,0,1
Drosophila tripunctata,adultDiet,0,0,1,0,0,0,0,0,0,0,0,0,1,0,0,0
Drosophila tripunctata,larvalDiet,0,0,1,0,0,0,0,0,0,0,0,0,1,0,0,0
Paramyia pseudonitens,adultDiet,0,0,1,0,1,0,0,0,0,0,0,0,0,0,0,0
Paramyia pseudonitens,larvalDiet,0,0,1,0,0,0,0,0,0,0,0,0,0,0,0,1
Phytoliriomyza dorsata,adultDiet,0,0,1,0,0,0,0,0,0,0,0,1,0,0,0,0
Phytoliriomyza dorsata,larvalDiet,0,0,1,0,0,0,0,0,0,0,0,1,0,0,0,0
Phaonia subfuscinervis,adultDiet,0,0,1,0,1,0,0,0,0,0,0,0,0,0,0,0
Phaonia subfuscinervis,larvalDiet,0,0,1,0,0,0,0,0,0,0,0,0,0,0,1,0
Mycetophila alea,adultDiet,0,0,1,0,0,0,0,1,0,0,0,0,0,0,0,0
Mycetophila alea,larvalDiet,0,0,1,1,0,0,0,0,0,0,0,0,0,0,0,0
Ablabesmyia monilis,adultDiet,1,0,0,0,0,0,0,1,0,0,0,0,0,0,0,0
Ablabesmyia monilis,larvalDiet,1,0,0,0,0,0,0,0,0,0,0,0,0,1,0,0
