species,habitat,traitName,traitValue
Cratyna uliginosoides,2,adultDiet,4
Cratyna uliginosoides,2,larvalDiet,12
Cladotanytarsus atridorsum,0,adultDiet,4
Cladotanytarsus atridorsum,0,larvalDiet,10
Cratyna longispina,2,adultDiet,4
Cratyna longispina,2,larvalDiet,12
Ophiomyia similata,2,adultDiet,8
Ophiomyia similata,2,larvalDiet,8
Spilogona opaca,2,adultDiet,11
Spilogona opaca,2,larvalDiet,11
Nephrotoma lundbecki,0,adultDiet,4
Nephrotoma lundbecki,0,larvalDiet,12
Coquillettidia perturbans,0,adultDiet,2
Coquillettidia perturbans,0,larvalDiet,5
Diamesa bohemani,0,adultDiet,4
Diamesa bohemani,0,larvalDiet,10
Bibio longipes,2,adultDiet,1
Bibio longipes,2,larvalDiet,12
Paratanytarsus austriacus,0,adultDiet,4
Paratanytarsus austriacus,0,larvalDiet,10
Psychoda alternata,1,adultDiet,12
Psychoda alternata,1,larvalDiet,12
Corynoptera trepida,2,adultDiet,4
Corynoptera trepida,2,larvalDiet,12
Tachina ampliforceps,2,adultDiet,1
Tachina ampliforceps,2,larvalDiet,7
Spelobia semioculata,1,adultDiet,4
Spelobia semioculata,1,larvalDiet,12
Mydaea neglecta,2,adultDiet,1
Mydaea neglecta,2,larvalDiet,11
Chironomus atrella,0,adultDiet,4
Chironomus atrella,0,larvalDiet,10
Spelobia tufta,1,adultDiet,4
Spelobia tufta,1,larvalDiet,12
Orthocladius consobrinus,0,adultDiet,4
Orthocladius consobrinus,0,larvalDiet,10
Chrysops vittatus,0,adultDiet,2
Chrysops vittatus,0,larvalDiet,12
Phronia tenuis,2,adultDiet,4
Phronia tenuis,2,larvalDiet,0
Culicoides travisi,1,adultDiet,2
Culicoides travisi,1,larvalDiet,5
Metacnephia borealis,0,adultDiet,12
Metacnephia borealis,0,larvalDiet,12
Prosimulium mixtum,0,adultDiet,2
Prosimulium mixtum,0,larvalDiet,8
Helina laxifrons,2,adultDiet,12
Helina laxifrons,2,larvalDiet,12
Peleteria iterans,2,adultDiet,1
Peleteria iterans,2,larvalDiet,7
Gymnopternus subulatus,1,adultDiet,11
Gymnopternus subulatus,1,larvalDiet,11
Diamesa aberrata,0,adultDiet,4
Diamesa aberrata,0,larvalDiet,10
Spilogona contractifrons,2,adultDiet,11
Spilogona contractifrons,2,larvalDiet,11
Siphona intrudens,2,adultDiet,1
Siphona intrudens,2,larvalDiet,7
Orthocladius rivicola,0,adultDiet,4
Orthocladius rivicola,0,larvalDiet,10
Prosimulium arvum,0,adultDiet,2
Prosimulium arvum,0,larvalDiet,8
Lycoriella sativae,2,adultDiet,4
Lycoriella sativae,2,larvalDiet,0
Iteaphila orchestris,2,adultDiet,1
Iteaphila orchestris,2,larvalDiet,8
Scatopsciara neglecta,2,adultDiet,4
Scatopsciara neglecta,2,larvalDiet,8
Ablabesmyia aspera,0,adultDiet,4
Ablabesmyia aspera,0,larvalDiet,10
Sargus decorus,2,adultDiet,4
Sargus decorus,2,larvalDiet,12
Dolichopus discifer,1,adultDiet,11
Dolichopus discifer,1,larvalDiet,11
Lispe tentaculata,0,adultDiet,11
Lispe tentaculata,0,larvalDiet,11
Cratyna ambigua,2,adultDiet,4
Cratyna ambigua,2,larvalDiet,12
Pegoplata nigroscutellata,2,adultDiet,1
Pegoplata nigroscutellata,2,larvalDiet,8
Stomoxys calcitrans,1,adultDiet,11
Stomoxys calcitrans,1,larvalDiet,11
Chaetocladius holmgreni,0,adultDiet,4
Chaetocladius holmgreni,0,larvalDiet,10
Chelipoda truncata,0,adultDiet,11
Chelipoda truncata,0,larvalDiet,11
Aulacigaster neoleucopeza,2,adultDiet,8
Aulacigaster neoleucopeza,2,larvalDiet,8
Phaonia tuguriorum,2,adultDiet,1
Phaonia tuguriorum,2,larvalDiet,11
Neomyia cornicina,2,adultDiet,12
Neomyia cornicina,2,larvalDiet,12
Pipunculus hertzogi,2,adultDiet,8
Pipunculus hertzogi,2,larvalDiet,7
Forcipomyia titillans,2,adultDiet,2
Forcipomyia titillans,2,larvalDiet,10
Helophilus groenlandicus,1,adultDiet,1
Helophilus groenlandicus,1,larvalDiet,12
Drosophila falleni,2,adultDiet,12
Drosophila falleni,2,larvalDiet,12
Platypalpus stabilis,2,adultDiet,11
Platypalpus stabilis,2,larvalDiet,11
Molophilus oligacanthus,1,adultDiet,4
Molophilus oligacanthus,1,larvalDiet,12
Dasyhelea bensoni,1,adultDiet,1
Dasyhelea bensoni,1,larvalDiet,5
Hybomitra pechumani,2,adultDiet,1
Hybomitra pechumani,2,larvalDiet,12
Spilogona arctica,2,adultDiet,11
Spilogona arctica,2,larvalDiet,11
Megaselia eccoptomera,2,adultDiet,12
Megaselia eccoptomera,2,larvalDiet,12
Toxomerus geminatus,2,adultDiet,1
Toxomerus geminatus,2,larvalDiet,11
Boletina palmata,2,adultDiet,4
Boletina palmata,2,larvalDiet,12
Megaselia spinigera,2,adultDiet,12
Megaselia spinigera,2,larvalDiet,12
Cricotopus trifascia,0,adultDiet,4
Cricotopus trifascia,0,larvalDiet,8
Zaphne zetterstedtii,2,adultDiet,1
Zaphne zetterstedtii,2,larvalDiet,8
Psectrocladius barbimanus,0,adultDiet,4
Psectrocladius barbimanus,0,larvalDiet,10
Malloewia abdominalis,2,adultDiet,1
Malloewia abdominalis,2,larvalDiet,8
Elachiptera decipiens,2,adultDiet,1
Elachiptera decipiens,2,larvalDiet,8
Delia platura,2,adultDiet,1
Delia platura,2,larvalDiet,10
Phytomyza puccinelliae,2,adultDiet,8
Phytomyza puccinelliae,2,larvalDiet,8
Delia radicum,2,adultDiet,1
Delia radicum,2,larvalDiet,8
Pegomya flavifrons,2,adultDiet,1
Pegomya flavifrons,2,larvalDiet,8
Megaselia variana,2,adultDiet,12
Megaselia variana,2,larvalDiet,12
Zaphne barbiventris,2,adultDiet,1
Zaphne barbiventris,2,larvalDiet,8
Pegomya winthemi,2,adultDiet,1
Pegomya winthemi,2,larvalDiet,8
Platycheirus groenlandicus,2,adultDiet,1
Platycheirus groenlandicus,2,larvalDiet,11
Ravinia planifrons,2,adultDiet,3
Ravinia planifrons,2,larvalDiet,12
Helina flavisquama,2,adultDiet,12
Helina flavisquama,2,larvalDiet,12
Botanophila hucketti,2,adultDiet,1
Botanophila hucketti,2,larvalDiet,9
Chironomus harpi,0,adultDiet,4
Chironomus harpi,0,larvalDiet,10
Corynoptera saccata,2,adultDiet,4
Corynoptera saccata,2,larvalDiet,12
Gymnophora subarcuata,2,adultDiet,12
Gymnophora subarcuata,2,larvalDiet,12
Thienemanniella xena,0,adultDiet,4
Thienemanniella xena,0,larvalDiet,10
Coenosia octopunctata,2,adultDiet,11
Coenosia octopunctata,2,larvalDiet,11
Ablabesmyia illinoensis,0,adultDiet,4
Ablabesmyia illinoensis,0,larvalDiet,10
Tipula paludosa,2,adultDiet,4
Tipula paludosa,2,larvalDiet,8
Tanytarsus anderseni,0,adultDiet,4
Tanytarsus anderseni,0,larvalDiet,10
Mycetophila ocellus,2,adultDiet,4
Mycetophila ocellus,2,larvalDiet,0
Cordilura atrata,2,adultDiet,11
Cordilura atrata,2,larvalDiet,8
Pegoplata tundrica,2,adultDiet,1
Pegoplata tundrica,2,larvalDiet,8
Geomyza tripunctata,2,adultDiet,4
Geomyza tripunctata,2,larvalDiet,8
Polypedilum aviceps,0,adultDiet,4
Polypedilum aviceps,0,larvalDiet,8
Culicoides obsoletus,1,adultDiet,2
Culicoides obsoletus,1,larvalDiet,5
Xylota subfasciata,1,adultDiet,1
Xylota subfasciata,1,larvalDiet,12
Lasiomma collini,2,adultDiet,1
Lasiomma collini,2,larvalDiet,8
Bicellaria furcifer,2,adultDiet,11
Bicellaria furcifer,2,larvalDiet,11
Limnophyes natalensis,0,adultDiet,4
Limnophyes natalensis,0,larvalDiet,10
Agromyza frontella,2,adultDiet,8
Agromyza frontella,2,larvalDiet,8
Culex territans,0,adultDiet,2
Culex territans,0,larvalDiet,5
Zaphne borealis,2,adultDiet,1
Zaphne borealis,2,larvalDiet,8
Cricotopus obnixus,0,adultDiet,4
Cricotopus obnixus,0,larvalDiet,8
Cerodontha muscina,2,adultDiet,8
Cerodontha muscina,2,larvalDiet,8
Tanytarsus niger,0,adultDiet,4
Tanytarsus niger,0,larvalDiet,10
Mycomya nitida,2,adultDiet,4
Mycomya nitida,2,larvalDiet,0
Calliphora genarum,2,adultDiet,1
Calliphora genarum,2,larvalDiet,12
Orthocladius decoratus,0,adultDiet,4
Orthocladius decoratus,0,larvalDiet,10
Megaselia citrinella,2,adultDiet,12
Megaselia citrinella,2,larvalDiet,12
Cratyna perplexa,2,adultDiet,4
Cratyna perplexa,2,larvalDiet,12
Temnostoma excentrica,1,adultDiet,1
Temnostoma excentrica,1,larvalDiet,12
Bradysia excelsa,2,adultDiet,4
Bradysia excelsa,2,larvalDiet,9
Sepsis neocynipsea,2,adultDiet,3
Sepsis neocynipsea,2,larvalDiet,12
Helina troene,2,adultDiet,12
Helina troene,2,larvalDiet,12
Leucophenga varia,2,adultDiet,12
Leucophenga varia,2,larvalDiet,12
Metriocnemus eurynotus,0,adultDiet,4
Metriocnemus eurynotus,0,larvalDiet,10
Bicellaria lugubris,2,adultDiet,11
Bicellaria lugubris,2,larvalDiet,11
Bibio xanthopus,2,adultDiet,1
Bibio xanthopus,2,larvalDiet,12
Coenosia frisoni,2,adultDiet,11
Coenosia frisoni,2,larvalDiet,11
Tachypeza corticalis,2,adultDiet,11
Tachypeza corticalis,2,larvalDiet,11
Ablabesmyia americana,0,adultDiet,4
Ablabesmyia americana,0,larvalDiet,10
Lycoriella abbrevinervis,2,adultDiet,4
Lycoriella abbrevinervis,2,larvalDiet,0
Prosimulium travisi,0,adultDiet,2
Prosimulium travisi,0,larvalDiet,8
Suillia quinquepunctata,2,adultDiet,4
Suillia quinquepunctata,2,larvalDiet,0
Tanytarsus gracilentus,0,adultDiet,4
Tanytarsus gracilentus,0,larvalDiet,10
Orthocladius dorenus,0,adultDiet,4
Orthocladius dorenus,0,larvalDiet,10
Limnophyes pumilio,0,adultDiet,4
Limnophyes pumilio,0,larvalDiet,10
Megaselia cirriventris,2,adultDiet,12
Megaselia cirriventris,2,larvalDiet,12
Leptocera neofinalis,1,adultDiet,4
Leptocera neofinalis,1,larvalDiet,12
Bicellaria bisetosa,2,adultDiet,11
Bicellaria bisetosa,2,larvalDiet,11
Mycetophila caudata,2,adultDiet,4
Mycetophila caudata,2,larvalDiet,0
Coenosia conforma,2,adultDiet,11
Coenosia conforma,2,larvalDiet,11
Fannia subpellucens,2,adultDiet,12
Fannia subpellucens,2,larvalDiet,12
Suillia nemorum,2,adultDiet,4
Suillia nemorum,2,larvalDiet,0
Chironomus melanescens,0,adultDiet,4
Chironomus melanescens,0,larvalDiet,10
Orthocladius oblidens,0,adultDiet,4
Orthocladius oblidens,0,larvalDiet,10
Dichopygina aculeata,2,adultDiet,4
Dichopygina aculeata,2,larvalDiet,12
Tanytarsus guerlus,0,adultDiet,4
Tanytarsus guerlus,0,larvalDiet,10
Bradysia browni,2,adultDiet,4
Bradysia browni,2,larvalDiet,9
Platycheirus scambus,2,adultDiet,1
Platycheirus scambus,2,larvalDiet,11
Spilogona zaitzevi,2,adultDiet,11
Spilogona zaitzevi,2,larvalDiet,11
Mycetophila sordida,2,adultDiet,4
Mycetophila sordida,2,larvalDiet,0
Botanophila profuga,2,adultDiet,1
Botanophila profuga,2,larvalDiet,9
Liriomyza baptisiae,2,adultDiet,8
Liriomyza baptisiae,2,larvalDiet,8
Orthocladius olivaceus,0,adultDiet,4
Orthocladius olivaceus,0,larvalDiet,10
Dorylomorpha simplex,2,adultDiet,8
Dorylomorpha simplex,2,larvalDiet,7
Melangyna lasiophthalma,2,adultDiet,1
Melangyna lasiophthalma,2,larvalDiet,11
Eutrichota tarsata,2,adultDiet,1
Eutrichota tarsata,2,larvalDiet,8
Megaselia arizonensis,2,adultDiet,12
Megaselia arizonensis,2,larvalDiet,12
Procladius culiciformis,0,adultDiet,4
Procladius culiciformis,0,larvalDiet,11
Heterotrissocladius oliveri,0,adultDiet,4
Heterotrissocladius oliveri,0,larvalDiet,10
Nilotanypus fimbriatus,0,adultDiet,4
Nilotanypus fimbriatus,0,larvalDiet,10
Conchapelopia telema,0,adultDiet,4
Conchapelopia telema,0,larvalDiet,10
Spilogona imitatrix,2,adultDiet,11
Spilogona imitatrix,2,larvalDiet,11
Bradysia flavipila,2,adultDiet,4
Bradysia flavipila,2,larvalDiet,9
Spilogona malaisei,2,adultDiet,11
Spilogona malaisei,2,larvalDiet,11
Cratyna nobilis,2,adultDiet,4
Cratyna nobilis,2,larvalDiet,12
Bradysia moestula,2,adultDiet,4
Bradysia moestula,2,larvalDiet,9
Megaselia lutea,2,adultDiet,12
Megaselia lutea,2,larvalDiet,12
Delia florilega,2,adultDiet,1
Delia florilega,2,larvalDiet,8
Cynomya cadaverina,2,adultDiet,1
Cynomya cadaverina,2,larvalDiet,12
Heleodromia pullata,2,adultDiet,11
Heleodromia pullata,2,larvalDiet,11
Spilogona sororcula,2,adultDiet,11
Spilogona sororcula,2,larvalDiet,11
Scathophaga apicalis,1,adultDiet,11
Scathophaga apicalis,1,larvalDiet,11
Spilogona tornensis,2,adultDiet,11
Spilogona tornensis,2,larvalDiet,11
Forcipomyia bipunctata,2,adultDiet,2
Forcipomyia bipunctata,2,larvalDiet,10
Actia diffidens,2,adultDiet,1
Actia diffidens,2,larvalDiet,7
Prosciara prosciaroides,2,adultDiet,4
Prosciara prosciaroides,2,larvalDiet,12
Liriomyza brassicae,2,adultDiet,8
Liriomyza brassicae,2,larvalDiet,8
Sericomyia militaris,1,adultDiet,1
Sericomyia militaris,1,larvalDiet,12
Dolichopus hastatus,1,adultDiet,11
Dolichopus hastatus,1,larvalDiet,11
Cratyna keilini,2,adultDiet,4
Cratyna keilini,2,larvalDiet,12
Dryomyza anilis,0,adultDiet,4
Dryomyza anilis,0,larvalDiet,11
Tetanocera plumosa,0,adultDiet,8
Tetanocera plumosa,0,larvalDiet,11
Rhamphomyia nigrita,2,adultDiet,11
Rhamphomyia nigrita,2,larvalDiet,11
Elachiptera nigriceps,2,adultDiet,1
Elachiptera nigriceps,2,larvalDiet,8
Platypalpus trivialis,2,adultDiet,11
Platypalpus trivialis,2,larvalDiet,11
Tanytarsus inaequalis,0,adultDiet,4
Tanytarsus inaequalis,0,larvalDiet,10
Mycomya shermani,2,adultDiet,4
Mycomya shermani,2,larvalDiet,0
Blera nigra,1,adultDiet,1
Blera nigra,1,larvalDiet,12
Phytomyza periclymeni,2,adultDiet,8
Phytomyza periclymeni,2,larvalDiet,8
Botanophila fugax,2,adultDiet,1
Botanophila fugax,2,larvalDiet,9
Sylvicola fuscatus,2,adultDiet,1
Sylvicola fuscatus,2,larvalDiet,12
Cerodontha dorsalis,2,adultDiet,8
Cerodontha dorsalis,2,larvalDiet,8
Bradysia strigata,2,adultDiet,4
Bradysia strigata,2,larvalDiet,9
Corynoptera cuniculata,2,adultDiet,4
Corynoptera cuniculata,2,larvalDiet,12
Parasyrphus tarsatus,2,adultDiet,1
Parasyrphus tarsatus,2,larvalDiet,11
Dolichopus nigrilineatus,1,adultDiet,11
Dolichopus nigrilineatus,1,larvalDiet,11
Nephrotoma cornicina,0,adultDiet,4
Nephrotoma cornicina,0,larvalDiet,12
Tipula serta,0,adultDiet,4
Tipula serta,0,larvalDiet,8
Olcella parva,2,adultDiet,1
Olcella parva,2,larvalDiet,8
Chironomus acidophilus,0,adultDiet,4
Chironomus acidophilus,0,larvalDiet,10
Belida chaetoneura,2,adultDiet,1
Belida chaetoneura,2,larvalDiet,7
Diamesa hyperborea,0,adultDiet,4
Diamesa hyperborea,0,larvalDiet,10
Pollenia pediculata,2,adultDiet,1
Pollenia pediculata,2,larvalDiet,7
Coenosia intacta,2,adultDiet,11
Coenosia intacta,2,larvalDiet,11
Phytoliriomyza arctica,2,adultDiet,8
Phytoliriomyza arctica,2,larvalDiet,8
Rheocricotopus chapmani,0,adultDiet,4
Rheocricotopus chapmani,0,larvalDiet,10
Sericomyia chalcopyga,1,adultDiet,1
Sericomyia chalcopyga,1,larvalDiet,12
Cricotopus polaris,0,adultDiet,4
Cricotopus polaris,0,larvalDiet,8
Tipula arctica,0,adultDiet,4
Tipula arctica,0,larvalDiet,8
Psychoda trinodulosa,1,adultDiet,12
Psychoda trinodulosa,1,larvalDiet,12
Bradysia cellarum,2,adultDiet,4
Bradysia cellarum,2,larvalDiet,9
Mydaea occidentalis,2,adultDiet,1
Mydaea occidentalis,2,larvalDiet,11
Hypoderma tarandi,2,adultDiet,4
Hypoderma tarandi,2,larvalDiet,6
Spilogona griseola,2,adultDiet,11
Spilogona griseola,2,larvalDiet,11
Asteromyia carbonifera,2,adultDiet,4
Asteromyia carbonifera,2,larvalDiet,0
Hybomitra illota,2,adultDiet,1
Hybomitra illota,2,larvalDiet,12
Zaphne brunneifrons,2,adultDiet,1
Zaphne brunneifrons,2,larvalDiet,8
Platycheirus confusus,2,adultDiet,1
Platycheirus confusus,2,larvalDiet,11
Micropsectra recurvata,0,adultDiet,4
Micropsectra recurvata,0,larvalDiet,10
Dryomyza setosa,0,adultDiet,4
Dryomyza setosa,0,larvalDiet,11
Coenosia verralli,2,adultDiet,11
Coenosia verralli,2,larvalDiet,11
Exechia subfrigida,2,adultDiet,4
Exechia subfrigida,2,larvalDiet,0
Boletina populina,2,adultDiet,4
Boletina populina,2,larvalDiet,12
Aedes cinereus,0,adultDiet,2
Aedes cinereus,0,larvalDiet,5
Paratanytarsus setosimanus,0,adultDiet,4
Paratanytarsus setosimanus,0,larvalDiet,10
Fannia spathiophora,2,adultDiet,12
Fannia spathiophora,2,larvalDiet,12
Lucilia silvarum,2,adultDiet,1
Lucilia silvarum,2,larvalDiet,12
Orthocladius rivulorum,0,adultDiet,4
Orthocladius rivulorum,0,larvalDiet,10
Mycetophila fungorum,2,adultDiet,4
Mycetophila fungorum,2,larvalDiet,0
Simulium verecundum,0,adultDiet,12
Simulium verecundum,0,larvalDiet,12
Eupeodes luniger,2,adultDiet,1
Eupeodes luniger,2,larvalDiet,11
Parakiefferiella scandica,0,adultDiet,4
Parakiefferiella scandica,0,larvalDiet,10
Dolichopus comatus,1,adultDiet,11
Dolichopus comatus,1,larvalDiet,11
Hybos reversus,2,adultDiet,11
Hybos reversus,2,larvalDiet,11
Chironomus bifurcatus,0,adultDiet,4
Chironomus bifurcatus,0,larvalDiet,10
Phaonia apicalis,2,adultDiet,1
Phaonia apicalis,2,larvalDiet,11
Phaonia fuscana,2,adultDiet,1
Phaonia fuscana,2,larvalDiet,11
Cricotopus laricomalis,0,adultDiet,4
Cricotopus laricomalis,0,larvalDiet,8
Psectrocladius oxyura,0,adultDiet,4
Psectrocladius oxyura,0,larvalDiet,10
Smittia edwardsi,2,adultDiet,4
Smittia edwardsi,2,larvalDiet,10
Megaselia longicostalis,2,adultDiet,12
Megaselia longicostalis,2,larvalDiet,12
Platypalpus xanthopodus,2,adultDiet,11
Platypalpus xanthopodus,2,larvalDiet,11
Helina rufitibia,2,adultDiet,12
Helina rufitibia,2,larvalDiet,12
Corynoneura arctica,0,adultDiet,4
Corynoneura arctica,0,larvalDiet,10
Procladius crassinervis,0,adultDiet,4
Procladius crassinervis,0,larvalDiet,11
Metalimnobia triocellata,1,adultDiet,4
Metalimnobia triocellata,1,larvalDiet,12
Eutrichota tunicata,2,adultDiet,1
Eutrichota tunicata,2,larvalDiet,8
Melanostoma mellinum,2,adultDiet,1
Melanostoma mellinum,2,larvalDiet,11
Lispocephala alma,2,adultDiet,11
Lispocephala alma,2,larvalDiet,11
Helina setiventris,2,adultDiet,12
Helina setiventris,2,larvalDiet,12
Platycheirus hyperboreus,2,adultDiet,1
Platycheirus hyperboreus,2,larvalDiet,11
Limnophyes asquamatus,0,adultDiet,4
Limnophyes asquamatus,0,larvalDiet,10
Themira nigricornis,2,adultDiet,3
Themira nigricornis,2,larvalDiet,12
Bradysia scabricornis,2,adultDiet,4
Bradysia scabricornis,2,larvalDiet,9
Philygria debilis,0,adultDiet,8
Philygria debilis,0,larvalDiet,8
Limnophora rotundata,0,adultDiet,11
Limnophora rotundata,0,larvalDiet,11
Cricotopus perniger,0,adultDiet,4
Cricotopus perniger,0,larvalDiet,8
Metalimnobia immatura,1,adultDiet,4
Metalimnobia immatura,1,larvalDiet,12
Rhamphomyia albopilosa,2,adultDiet,11
Rhamphomyia albopilosa,2,larvalDiet,11
Chymomyza amoena,2,adultDiet,12
Chymomyza amoena,2,larvalDiet,12
Suillia sororcula,2,adultDiet,4
Suillia sororcula,2,larvalDiet,0
Spilogona deflorata,2,adultDiet,11
Spilogona deflorata,2,larvalDiet,11
Delia setigera,2,adultDiet,1
Delia setigera,2,larvalDiet,8
Dasyhelea arenivaga,1,adultDiet,1
Dasyhelea arenivaga,1,larvalDiet,5
Helina pectinata,2,adultDiet,12
Helina pectinata,2,larvalDiet,12
Leptocera caenosa,1,adultDiet,4
Leptocera caenosa,1,larvalDiet,12
Coenosia pilosissima,2,adultDiet,11
Coenosia pilosissima,2,larvalDiet,11
Gymnometriocnemus volitans,2,adultDiet,4
Gymnometriocnemus volitans,2,larvalDiet,10
Platycheirus obscurus,2,adultDiet,1
Platycheirus obscurus,2,larvalDiet,11
Orthocladius mallochi,0,adultDiet,4
Orthocladius mallochi,0,larvalDiet,10
Boletina dissipata,2,adultDiet,4
Boletina dissipata,2,larvalDiet,12
Scaptomyza flava,2,adultDiet,12
Scaptomyza flava,2,larvalDiet,12
Chaoborus punctipennis,0,adultDiet,4
Chaoborus punctipennis,0,larvalDiet,11
Coenosia transiens,2,adultDiet,11
Coenosia transiens,2,larvalDiet,11
Protophormia atriceps,2,adultDiet,1
Protophormia atriceps,2,larvalDiet,12
Spilogona trigonata,2,adultDiet,11
Spilogona trigonata,2,larvalDiet,11
Cricotopus infuscatus,0,adultDiet,4
Cricotopus infuscatus,0,larvalDiet,8
Bradysia vagans,2,adultDiet,4
Bradysia vagans,2,larvalDiet,9
Symplecta scotica,1,adultDiet,4
Symplecta scotica,1,larvalDiet,12
Phaonia consobrina,2,adultDiet,1
Phaonia consobrina,2,larvalDiet,11
Cricotopus tremulus,0,adultDiet,4
Cricotopus tremulus,0,larvalDiet,8
Spilogona melanosoma,2,adultDiet,11
Spilogona melanosoma,2,larvalDiet,11
Rhamphomyia pendens,2,adultDiet,11
Rhamphomyia pendens,2,larvalDiet,11
Rivellia pallida,2,adultDiet,8
Rivellia pallida,2,larvalDiet,8
Boletina onegensis,2,adultDiet,4
Boletina onegensis,2,larvalDiet,12
Fannia brooksi,2,adultDiet,12
Fannia brooksi,2,larvalDiet,12
Siphona subarctica,2,adultDiet,1
Siphona subarctica,2,larvalDiet,7
Thricops albibasalis,2,adultDiet,1
Thricops albibasalis,2,larvalDiet,8
Scathophaga stercoraria,2,adultDiet,11
Scathophaga stercoraria,2,larvalDiet,12
Cerodontha fasciata,2,adultDiet,8
Cerodontha fasciata,2,larvalDiet,8
Megaselia fungivora,2,adultDiet,12
Megaselia fungivora,2,larvalDiet,12
Muscina pascuorum,2,adultDiet,11
Muscina pascuorum,2,larvalDiet,11
Phronia egregia,2,adultDiet,4
Phronia egregia,2,larvalDiet,0
Limnophyes ninae,0,adultDiet,4
Limnophyes ninae,0,larvalDiet,10
Chironomus maturus,0,adultDiet,4
Chironomus maturus,0,larvalDiet,10
Chrysops carbonarius,0,adultDiet,2
Chrysops carbonarius,0,larvalDiet,12
Themira annulipes,2,adultDiet,3
Themira annulipes,2,larvalDiet,12
Anthomyia mimetica,2,adultDiet,1
Anthomyia mimetica,2,larvalDiet,8
Camptochaeta hirtula,2,adultDiet,4
Camptochaeta hirtula,2,larvalDiet,0
Blaesoxipha hunteri,2,adultDiet,3
Blaesoxipha hunteri,2,larvalDiet,7
Simulium tuberosum,0,adultDiet,2
Simulium tuberosum,0,larvalDiet,12
Chaetocladius perennis,0,adultDiet,4
Chaetocladius perennis,0,larvalDiet,10
Dasysyrphus pauxillus,2,adultDiet,1
Dasysyrphus pauxillus,2,larvalDiet,11
Megaselia lucifrons,2,adultDiet,12
Megaselia lucifrons,2,larvalDiet,12
Stempellinella edwardsi,0,adultDiet,4
Stempellinella edwardsi,0,larvalDiet,10
Musca autumnalis,2,adultDiet,11
Musca autumnalis,2,larvalDiet,11
Tanytarsus allicis,0,adultDiet,4
Tanytarsus allicis,0,larvalDiet,10
Blera scitula,1,adultDiet,1
Blera scitula,1,larvalDiet,12
Limnophila rufibasis,1,adultDiet,4
Limnophila rufibasis,1,larvalDiet,12
Forcipomyia glauca,2,adultDiet,2
Forcipomyia glauca,2,larvalDiet,10
Megaselia nigriceps,2,adultDiet,12
Megaselia nigriceps,2,larvalDiet,12
Conchapelopia pallens,0,adultDiet,4
Conchapelopia pallens,0,larvalDiet,10
Thaumatomyia bistriata,2,adultDiet,1
Thaumatomyia bistriata,2,larvalDiet,8
Micropsectra polita,0,adultDiet,4
Micropsectra polita,0,larvalDiet,10
Neodexiopsis calopyga,2,adultDiet,11
Neodexiopsis calopyga,2,larvalDiet,11
Corynoptera bicuspidata,2,adultDiet,4
Corynoptera bicuspidata,2,larvalDiet,12
Hybomitra epistates,2,adultDiet,1
Hybomitra epistates,2,larvalDiet,12
Nephrotoma ferruginea,0,adultDiet,4
Nephrotoma ferruginea,0,larvalDiet,12
Orthocladius gelidorum,0,adultDiet,4
Orthocladius gelidorum,0,larvalDiet,10
Pollenia griseotomentosa,2,adultDiet,1
Pollenia griseotomentosa,2,larvalDiet,7
Phaonia monticola,2,adultDiet,1
Phaonia monticola,2,larvalDiet,11
Diamesa arctica,0,adultDiet,4
Diamesa arctica,0,larvalDiet,10
Schoenomyza dorsalis,2,adultDiet,11
Schoenomyza dorsalis,2,larvalDiet,11
Actia interrupta,2,adultDiet,1
Actia interrupta,2,larvalDiet,7
Cricotopus tibialis,0,adultDiet,4
Cricotopus tibialis,0,larvalDiet,8
Micropsectra subletteorum,0,adultDiet,4
Micropsectra subletteorum,0,larvalDiet,10
Spilogona pacifica,2,adultDiet,11
Spilogona pacifica,2,larvalDiet,11
Camptochaeta flagellifera,2,adultDiet,4
Camptochaeta flagellifera,2,larvalDiet,0
Tanytarsus bathophilus,0,adultDiet,4
Tanytarsus bathophilus,0,larvalDiet,10
Pollenia labialis,2,adultDiet,1
Pollenia labialis,2,larvalDiet,7
Spilogona tundrae,2,adultDiet,11
Spilogona tundrae,2,larvalDiet,11
Dolichopus groenlandicus,1,adultDiet,11
Dolichopus groenlandicus,1,larvalDiet,11
Ormosia affinis,1,adultDiet,4
Ormosia affinis,1,larvalDiet,12
Pherbellia tenuipes,0,adultDiet,8
Pherbellia tenuipes,0,larvalDiet,11
Lasiomma latipenne,2,adultDiet,1
Lasiomma latipenne,2,larvalDiet,8
Scaptomyza adusta,2,adultDiet,12
Scaptomyza adusta,2,larvalDiet,12
Metalimnobia solitaria,1,adultDiet,4
Metalimnobia solitaria,1,larvalDiet,12
Heringia calcarata,2,adultDiet,1
Heringia calcarata,2,larvalDiet,11
Procladius denticulatus,0,adultDiet,4
Procladius denticulatus,0,larvalDiet,11
Phronia cinerascens,2,adultDiet,4
Phronia cinerascens,2,larvalDiet,0
Platypalpus pulicarius,2,adultDiet,11
Platypalpus pulicarius,2,larvalDiet,11
Thaumatomyia pulla,2,adultDiet,1
Thaumatomyia pulla,2,larvalDiet,8
Ravinia querula,2,adultDiet,3
Ravinia querula,2,larvalDiet,12
Psectrocladius sordidellus,0,adultDiet,4
Psectrocladius sordidellus,0,larvalDiet,10
Zaphne divisa,2,adultDiet,1
Zaphne divisa,2,larvalDiet,8
Boletina groenlandica,2,adultDiet,4
Boletina groenlandica,2,larvalDiet,12
Orthocladius roussellae,0,adultDiet,4
Orthocladius roussellae,0,larvalDiet,10
Drosophila neotestacea,2,adultDiet,0
Drosophila neotestacea,2,larvalDiet,0
Boettcheria bisetosa,2,adultDiet,3
Boettcheria bisetosa,2,larvalDiet,12
Bradysia nitidicollis,2,adultDiet,4
Bradysia nitidicollis,2,larvalDiet,9
Paraphaenocladius brevinervis,0,adultDiet,4
Paraphaenocladius brevinervis,0,larvalDiet,10
Leptocera erythrocera,1,adultDiet,4
Leptocera erythrocera,1,larvalDiet,12
Boletina nitiduloides,2,adultDiet,4
Boletina nitiduloides,2,larvalDiet,12
Hydrobaenus fusistylus,0,adultDiet,4
Hydrobaenus fusistylus,0,larvalDiet,10
Dolichopus lamellipes,1,adultDiet,11
Dolichopus lamellipes,1,larvalDiet,11
Exechia frigida,2,adultDiet,4
Exechia frigida,2,larvalDiet,0
Hybomitra zonalis,2,adultDiet,1
Hybomitra zonalis,2,larvalDiet,12
Aedes vexans,0,adultDiet,2
Aedes vexans,0,larvalDiet,5
Tipula diflava,0,adultDiet,4
Tipula diflava,0,larvalDiet,8
Phaonia errans,2,adultDiet,1
Phaonia errans,2,larvalDiet,11
Eutrichota lipsia,2,adultDiet,1
Eutrichota lipsia,2,larvalDiet,8
Sepsis punctum,2,adultDiet,3
Sepsis punctum,2,larvalDiet,12
Megaselia hirtiventris,2,adultDiet,12
Megaselia hirtiventris,2,larvalDiet,12
Thaumatomyia glabra,2,adultDiet,1
Thaumatomyia glabra,2,larvalDiet,8
Platycheirus rosarum,2,adultDiet,1
Platycheirus rosarum,2,larvalDiet,11
Cricotopus triannulatus,0,adultDiet,4
Cricotopus triannulatus,0,larvalDiet,8
Calliphora loewi,2,adultDiet,1
Calliphora loewi,2,larvalDiet,12
Botanophila spinidens,2,adultDiet,1
Botanophila spinidens,2,larvalDiet,9
Cricotopus intersectus,0,adultDiet,4
Cricotopus intersectus,0,larvalDiet,8
Bradysia peraffinis,2,adultDiet,4
Bradysia peraffinis,2,larvalDiet,9
Suillia convergens,2,adultDiet,4
Suillia convergens,2,larvalDiet,0
Coelosia gracilis,2,adultDiet,4
Coelosia gracilis,2,larvalDiet,0
Simulium defoliarti,0,adultDiet,2
Simulium defoliarti,0,larvalDiet,12
Cricotopus vierriensis,0,adultDiet,4
Cricotopus vierriensis,0,larvalDiet,8
Exechia micans,2,adultDiet,4
Exechia micans,2,larvalDiet,0
Azelia cilipes,2,adultDiet,11
Azelia cilipes,2,larvalDiet,11
Drosophila affinis,2,adultDiet,12
Drosophila affinis,2,larvalDiet,12
Exechia similis,2,adultDiet,4
Exechia similis,2,larvalDiet,0
Fannia armata,2,adultDiet,12
Fannia armata,2,larvalDiet,12
Drosophila quinaria,2,adultDiet,12
Drosophila quinaria,2,larvalDiet,12
Eukiefferiella claripennis,0,adultDiet,4
Eukiefferiella claripennis,0,larvalDiet,10
Tokunagaia rectangularis,0,adultDiet,4
Tokunagaia rectangularis,0,larvalDiet,10
Mycetophila luctuosa,2,adultDiet,4
Mycetophila luctuosa,2,larvalDiet,0
Suillia barberi,2,adultDiet,4
Suillia barberi,2,larvalDiet,0
Rhopalopterum soror,2,adultDiet,1
Rhopalopterum soror,2,larvalDiet,8
Calliphora livida,2,adultDiet,1
Calliphora livida,2,larvalDiet,12
Helina cinerella,2,adultDiet,12
Helina cinerella,2,larvalDiet,12
Helina reversio,2,adultDiet,12
Helina reversio,2,larvalDiet,12
Paratanytarsus natvigi,0,adultDiet,4
Paratanytarsus natvigi,0,larvalDiet,10
Limnophyes brachytomus,0,adultDiet,4
Limnophyes brachytomus,0,larvalDiet,10
Dolichopus plumipes,1,adultDiet,11
Dolichopus plumipes,1,larvalDiet,11
Mydaea affinis,2,adultDiet,1
Mydaea affinis,2,larvalDiet,11
Cricotopus bicinctus,0,adultDiet,4
Cricotopus bicinctus,0,larvalDiet,8
Dolichopus diversipennis,1,adultDiet,11
Dolichopus diversipennis,1,larvalDiet,11
Corynoptera subparvula,2,adultDiet,4
Corynoptera subparvula,2,larvalDiet,12
Chelipoda elongata,0,adultDiet,11
Chelipoda elongata,0,larvalDiet,11
Hydrobaenus conformis,0,adultDiet,4
Hydrobaenus conformis,0,larvalDiet,10
Scatopsciara geophila,2,adultDiet,4
Scatopsciara geophila,2,larvalDiet,8
Chalarus decorus,2,adultDiet,8
Chalarus decorus,2,larvalDiet,7
Sphaerophoria scripta,2,adultDiet,1
Sphaerophoria scripta,2,larvalDiet,11
Sylvicola alternatus,2,adultDiet,1
Sylvicola alternatus,2,larvalDiet,12
Lasiomma cuneicorne,2,adultDiet,1
Lasiomma cuneicorne,2,larvalDiet,8
Boettcheria litorosa,2,adultDiet,3
Boettcheria litorosa,2,larvalDiet,12
Spilogona denudata,2,adultDiet,11
Spilogona denudata,2,larvalDiet,11
Simulium vittatum,0,adultDiet,2
Simulium vittatum,0,larvalDiet,8
Hydrotaea militaris,2,adultDiet,12
Hydrotaea militaris,2,larvalDiet,12
Iteaphila macquarti,2,adultDiet,1
Iteaphila macquarti,2,larvalDiet,8
Tanytarsus recurvatus,0,adultDiet,4
Tanytarsus recurvatus,0,larvalDiet,10
Protophormia terraenovae,2,adultDiet,1
Protophormia terraenovae,2,larvalDiet,12
Ravinia stimulans,2,adultDiet,3
Ravinia stimulans,2,larvalDiet,12
Rhamphomyia hoeli,2,adultDiet,11
Rhamphomyia hoeli,2,larvalDiet,11
Liriomyza fricki,2,adultDiet,8
Liriomyza fricki,2,larvalDiet,8
Trichosia townesi,2,adultDiet,4
Trichosia townesi,2,larvalDiet,12
Helina obscurata,2,adultDiet,12
Helina obscurata,2,larvalDiet,12
Dolichopus humilis,1,adultDiet,11
Dolichopus humilis,1,larvalDiet,11
Tanytarsus dendyi,0,adultDiet,4
Tanytarsus dendyi,0,larvalDiet,10
Boettcheria latisterna,2,adultDiet,3
Boettcheria latisterna,2,larvalDiet,12
Phaonia luteva,2,adultDiet,1
Phaonia luteva,2,larvalDiet,11
Bradysia impatiens,2,adultDiet,4
Bradysia impatiens,2,larvalDiet,9
Metriocnemus ursinus,0,adultDiet,4
Metriocnemus ursinus,0,larvalDiet,10
Tanytarsus herrmanni,0,adultDiet,4
Tanytarsus herrmanni,0,larvalDiet,10
Spilogona aerea,2,adultDiet,11
Spilogona aerea,2,larvalDiet,11
Cheilotrichia cinerascens,1,adultDiet,4
Cheilotrichia cinerascens,1,larvalDiet,12
Trichocoelina vitticollis,2,adultDiet,4
Trichocoelina vitticollis,2,larvalDiet,12
Scatopsciara vitripennis,2,adultDiet,4
Scatopsciara vitripennis,2,larvalDiet,8
Dolichopus stenhammari,1,adultDiet,11
Dolichopus stenhammari,1,larvalDiet,11
Megaselia sulphurizona,2,adultDiet,12
Megaselia sulphurizona,2,larvalDiet,12
Lispe albitarsis,0,adultDiet,11
Lispe albitarsis,0,larvalDiet,11
Bradysia trivittata,2,adultDiet,4
Bradysia trivittata,2,larvalDiet,9
Dasyhelea modesta,1,adultDiet,1
Dasyhelea modesta,1,larvalDiet,5
Coenosia tigrina,2,adultDiet,11
Coenosia tigrina,2,larvalDiet,11
Drosophila subquinaria,2,adultDiet,0
Drosophila subquinaria,2,larvalDiet,0
Platycheirus quadratus,2,adultDiet,1
Platycheirus quadratus,2,larvalDiet,11
Syrphus vitripennis,2,adultDiet,1
Syrphus vitripennis,2,larvalDiet,11
Scaptomyza pallida,2,adultDiet,12
Scaptomyza pallida,2,larvalDiet,12
Parametriocnemus boreoalpinus,0,adultDiet,4
Parametriocnemus boreoalpinus,0,larvalDiet,10
Delia extensa,2,adultDiet,1
Delia extensa,2,larvalDiet,8
Chalcosyrphus nemorum,1,adultDiet,1
Chalcosyrphus nemorum,1,larvalDiet,12
Delia albula,2,adultDiet,1
Delia albula,2,larvalDiet,8
Cheilosia latrans,2,adultDiet,1
Cheilosia latrans,2,larvalDiet,8
Camptochaeta uniformis,2,adultDiet,4
Camptochaeta uniformis,2,larvalDiet,0
Limnophyes schnelli,0,adultDiet,4
Limnophyes schnelli,0,larvalDiet,10
Bradysia tilicola,2,adultDiet,4
Bradysia tilicola,2,larvalDiet,9
Aphanotrigonum trilineatum,2,adultDiet,1
Aphanotrigonum trilineatum,2,larvalDiet,8
Incertella incerta,2,adultDiet,1
Incertella incerta,2,larvalDiet,8
Micropsectra lindrothi,0,adultDiet,4
Micropsectra lindrothi,0,larvalDiet,10
Xylophagus reflectens,2,adultDiet,1
Xylophagus reflectens,2,larvalDiet,11
Laphria scorpio,2,adultDiet,11
Laphria scorpio,2,larvalDiet,11
Sarcophaga sinuata,2,adultDiet,3
Sarcophaga sinuata,2,larvalDiet,12
Helina annosa,2,adultDiet,12
Helina annosa,2,larvalDiet,12
Pollenia rudis,2,adultDiet,1
Pollenia rudis,2,larvalDiet,7
Fannia corvina,2,adultDiet,12
Fannia corvina,2,larvalDiet,12
Suillia apicalis,2,adultDiet,4
Suillia apicalis,2,larvalDiet,0
Neurigona tenuis,1,adultDiet,11
Neurigona tenuis,1,larvalDiet,11
Fannia ungulata,2,adultDiet,12
Fannia ungulata,2,larvalDiet,12
Tipula hewitti,0,adultDiet,4
Tipula hewitti,0,larvalDiet,8
Phaonia apicata,2,adultDiet,1
Phaonia apicata,2,larvalDiet,11
Tanytarsus lugens,0,adultDiet,4
Tanytarsus lugens,0,larvalDiet,10
Megaselia agarici,2,adultDiet,12
Megaselia agarici,2,larvalDiet,12
Dorylomorpha borealis,2,adultDiet,8
Dorylomorpha borealis,2,larvalDiet,7
Brevicornu fuscipenne,2,adultDiet,4
Brevicornu fuscipenne,2,larvalDiet,0
Cladotanytarsus amandus,0,adultDiet,4
Cladotanytarsus amandus,0,larvalDiet,10
Toxomerus marginatus,2,adultDiet,1
Toxomerus marginatus,2,larvalDiet,11
Megaselia subpalpalis,2,adultDiet,12
Megaselia subpalpalis,2,larvalDiet,12
Bradysia fungicola,2,adultDiet,4
Bradysia fungicola,2,larvalDiet,9
Psychoda phalaenoides,1,adultDiet,12
Psychoda phalaenoides,1,larvalDiet,12
Heterotrissocladius changi,0,adultDiet,4
Heterotrissocladius changi,0,larvalDiet,10
Phaonia bysia,2,adultDiet,1
Phaonia bysia,2,larvalDiet,11
Helina fulvisquama,2,adultDiet,12
Helina fulvisquama,2,larvalDiet,12
Suillia longipennis,2,adultDiet,4
Suillia longipennis,2,larvalDiet,0
Bradysia hilaris,2,adultDiet,4
Bradysia hilaris,2,larvalDiet,9
Hydrotaea scambus,2,adultDiet,12
Hydrotaea scambus,2,larvalDiet,12
Megaselia giraudii,2,adultDiet,12
Megaselia giraudii,2,larvalDiet,12
Parachironomus tenuicaudatus,0,adultDiet,4
Parachironomus tenuicaudatus,0,larvalDiet,10
Coenosia pumila,2,adultDiet,11
Coenosia pumila,2,larvalDiet,11
Cynomya mortuorum,2,adultDiet,1
Cynomya mortuorum,2,larvalDiet,12
Corynoptera furcata,2,adultDiet,4
Corynoptera furcata,2,larvalDiet,12
Mydaea detrita,2,adultDiet,1
Mydaea detrita,2,larvalDiet,11
Neoascia tenur,1,adultDiet,1
Neoascia tenur,1,larvalDiet,12
Chrysotoxum pubescens,2,adultDiet,1
Chrysotoxum pubescens,2,larvalDiet,11
Syrphus torvus,2,adultDiet,1
Syrphus torvus,2,larvalDiet,11
Helina depuncta,2,adultDiet,12
Helina depuncta,2,larvalDiet,12
Helina evecta,2,adultDiet,12
Helina evecta,2,larvalDiet,12
Orthocladius telochaetus,0,adultDiet,4
Orthocladius telochaetus,0,larvalDiet,10
Chalarus latifrons,2,adultDiet,8
Chalarus latifrons,2,larvalDiet,7
Spilogona fatima,2,adultDiet,11
Spilogona fatima,2,larvalDiet,11
Cordilura fuscipes,2,adultDiet,11
Cordilura fuscipes,2,larvalDiet,8
Pullimosina pullula,1,adultDiet,4
Pullimosina pullula,1,larvalDiet,12
Incertella minor,2,adultDiet,1
Incertella minor,2,larvalDiet,8
Pseudolimnophila luteipennis,1,adultDiet,4
Pseudolimnophila luteipennis,1,larvalDiet,12
Helina subvittata,2,adultDiet,12
Helina subvittata,2,larvalDiet,12
Pipunculus luteicornis,2,adultDiet,8
Pipunculus luteicornis,2,larvalDiet,7
Mycetophila perpallida,2,adultDiet,4
Mycetophila perpallida,2,larvalDiet,0
Coenosia mollicula,2,adultDiet,11
Coenosia mollicula,2,larvalDiet,11
Bradysia urticae,2,adultDiet,4
Bradysia urticae,2,larvalDiet,9
Corynoptera deserta,2,adultDiet,4
Corynoptera deserta,2,larvalDiet,12
Coenosia laeta,2,adultDiet,11
Coenosia laeta,2,larvalDiet,11
Megaselia aristalis,2,adultDiet,12
Megaselia aristalis,2,larvalDiet,12
Tokunagaia obriaini,0,adultDiet,4
Tokunagaia obriaini,0,larvalDiet,10
Tachinomyia variata,2,adultDiet,1
Tachinomyia variata,2,larvalDiet,7
Thricops diaphanus,2,adultDiet,1
Thricops diaphanus,2,larvalDiet,8
Bradysia inusitata,2,adultDiet,4
Bradysia inusitata,2,larvalDiet,9
Bradysia splendida,2,adultDiet,4
Bradysia splendida,2,larvalDiet,9
Helophilus lapponicus,1,adultDiet,1
Helophilus lapponicus,1,larvalDiet,12
Elachiptera californica,2,adultDiet,1
Elachiptera californica,2,larvalDiet,8
Corynoptera melanochaeta,2,adultDiet,4
Corynoptera melanochaeta,2,larvalDiet,12
Sarcophaga polistensis,2,adultDiet,3
Sarcophaga polistensis,2,larvalDiet,12
Spilogona novemmaculata,2,adultDiet,11
Spilogona novemmaculata,2,larvalDiet,11
Orthocladius oliveri,0,adultDiet,4
Orthocladius oliveri,0,larvalDiet,10
Coenosia campestris,2,adultDiet,11
Coenosia campestris,2,larvalDiet,11
Lycoriella flavipeda,2,adultDiet,4
Lycoriella flavipeda,2,larvalDiet,0
Mydaea furtiva,2,adultDiet,1
Mydaea furtiva,2,larvalDiet,11
Corynoneura scutellata,0,adultDiet,4
Corynoneura scutellata,0,larvalDiet,10
Chrysops furcatus,0,adultDiet,2
Chrysops furcatus,0,larvalDiet,12
Tanytarsus wirthi,0,adultDiet,4
Tanytarsus wirthi,0,larvalDiet,10
Sarcophaga caerulescens,2,adultDiet,3
Sarcophaga caerulescens,2,larvalDiet,12
Gymnometriocnemus brumalis,2,adultDiet,4
Gymnometriocnemus brumalis,2,larvalDiet,10
Dicrotendipes tritomus,0,adultDiet,4
Dicrotendipes tritomus,0,larvalDiet,10
Corynoptera subtrivialis,2,adultDiet,4
Corynoptera subtrivialis,2,larvalDiet,12
Psectrocladius fennicus,0,adultDiet,4
Psectrocladius fennicus,0,larvalDiet,10
Leptopeza flavipes,2,adultDiet,11
Leptopeza flavipes,2,larvalDiet,11
Chaoborus flavicans,0,adultDiet,4
Chaoborus flavicans,0,larvalDiet,11
Boletina hyperborea,2,adultDiet,4
Boletina hyperborea,2,larvalDiet,12
Prosimulium ursinum,0,adultDiet,2
Prosimulium ursinum,0,larvalDiet,8
Limnophora uniseta,0,adultDiet,11
Limnophora uniseta,0,larvalDiet,11
Platycheirus varipes,2,adultDiet,1
Platycheirus varipes,2,larvalDiet,11
Metriocnemus brusti,0,adultDiet,4
Metriocnemus brusti,0,larvalDiet,10
Tanytarsus heliomesonyctios,0,adultDiet,4
Tanytarsus heliomesonyctios,0,larvalDiet,10
Rivellia steyskali,2,adultDiet,8
Rivellia steyskali,2,larvalDiet,8
Phora carlina,2,adultDiet,12
Phora carlina,2,larvalDiet,12
Botanophila rubrigena,2,adultDiet,1
Botanophila rubrigena,2,larvalDiet,9
Rhamphomyia longicauda,2,adultDiet,11
Rhamphomyia longicauda,2,larvalDiet,11
Diamesa bertrami,0,adultDiet,4
Diamesa bertrami,0,larvalDiet,10
Hybomitra lurida,2,adultDiet,1
Hybomitra lurida,2,larvalDiet,12
Ptychoptera quadrifasciata,0,adultDiet,4
Ptychoptera quadrifasciata,0,larvalDiet,12
Pegomya circumpolaris,2,adultDiet,1
Pegomya circumpolaris,2,larvalDiet,8
Sciara humeralis,2,adultDiet,4
Sciara humeralis,2,larvalDiet,12
Anthomyia pluvialis,2,adultDiet,1
Anthomyia pluvialis,2,larvalDiet,8
Bradysia angustipennis,2,adultDiet,4
Bradysia angustipennis,2,larvalDiet,9
Spilogona obscuripennis,2,adultDiet,11
Spilogona obscuripennis,2,larvalDiet,11
Neurigona ciliata,1,adultDiet,11
Neurigona ciliata,1,larvalDiet,11
Smittia extrema,2,adultDiet,4
Smittia extrema,2,larvalDiet,10
Dolichopus brevipennis,1,adultDiet,11
Dolichopus brevipennis,1,larvalDiet,11
Camptochaeta delicata,2,adultDiet,4
Camptochaeta delicata,2,larvalDiet,0
Epichlorops scaber,2,adultDiet,1
Epichlorops scaber,2,larvalDiet,8
Simulium furculatum,0,adultDiet,2
Simulium furculatum,0,larvalDiet,12
Cratyna fulvicauda,2,adultDiet,4
Cratyna fulvicauda,2,larvalDiet,12
Orthocladius carlatus,0,adultDiet,4
Orthocladius carlatus,0,larvalDiet,10
Lispocephala erythrocera,2,adultDiet,11
Lispocephala erythrocera,2,larvalDiet,11
Muscina levida,2,adultDiet,11
Muscina levida,2,larvalDiet,11
Lycoriella secundaria,2,adultDiet,4
Lycoriella secundaria,2,larvalDiet,0
Megaselia shatesae,2,adultDiet,12
Megaselia shatesae,2,larvalDiet,12
Rhagio gracilis,2,adultDiet,11
Rhagio gracilis,2,larvalDiet,11
Neoascia geniculata,1,adultDiet,1
Neoascia geniculata,1,larvalDiet,12
Micropsectra nigripila,0,adultDiet,4
Micropsectra nigripila,0,larvalDiet,10
Orthocladius frigidus,0,adultDiet,4
Orthocladius frigidus,0,larvalDiet,10
Phaonia rugia,2,adultDiet,1
Phaonia rugia,2,larvalDiet,11
Claustropyga acanthostyla,2,adultDiet,4
Claustropyga acanthostyla,2,larvalDiet,12
Phaonia inenarrabilis,2,adultDiet,1
Phaonia inenarrabilis,2,larvalDiet,11
Spilogona suspecta,2,adultDiet,11
Spilogona suspecta,2,larvalDiet,11
Thaumatomyia trifasciata,2,adultDiet,1
Thaumatomyia trifasciata,2,larvalDiet,8
Ophiomyia quinta,2,adultDiet,8
Ophiomyia quinta,2,larvalDiet,8
Symplecta cana,1,adultDiet,4
Symplecta cana,1,larvalDiet,12
Micropsectra insignilobus,0,adultDiet,4
Micropsectra insignilobus,0,larvalDiet,10
Sericomyia chrysotoxoides,1,adultDiet,1
Sericomyia chrysotoxoides,1,larvalDiet,12
Corynoptera perpusilla,2,adultDiet,4
Corynoptera perpusilla,2,larvalDiet,12
Pollenia vagabunda,2,adultDiet,1
Pollenia vagabunda,2,larvalDiet,7
Dasysyrphus venustus,2,adultDiet,1
Dasysyrphus venustus,2,larvalDiet,11
Chrysops calvus,0,adultDiet,2
Chrysops calvus,0,larvalDiet,12
Nanocladius anderseni,0,adultDiet,4
Nanocladius anderseni,0,larvalDiet,10
Syrphus ribesii,2,adultDiet,1
Syrphus ribesii,2,larvalDiet,11
Phaonia pallidisquama,2,adultDiet,1
Phaonia pallidisquama,2,larvalDiet,11
Mydaea pseudonubila,2,adultDiet,1
Mydaea pseudonubila,2,larvalDiet,11
Liriomyza helianthi,2,adultDiet,8
Liriomyza helianthi,2,larvalDiet,8
Orthocladius subletteorum,0,adultDiet,4
Orthocladius subletteorum,0,larvalDiet,10
Cerodontha capitata,2,adultDiet,8
Cerodontha capitata,2,larvalDiet,8
Sarcophaga subvicina,2,adultDiet,3
Sarcophaga subvicina,2,larvalDiet,12
Corynoptera cursor,2,adultDiet,4
Corynoptera cursor,2,larvalDiet,12
Boettcheria cimbicis,2,adultDiet,3
Boettcheria cimbicis,2,larvalDiet,12
Sylvicola cinctus,2,adultDiet,1
Sylvicola cinctus,2,larvalDiet,12
Simulium silvestre,0,adultDiet,2
Simulium silvestre,0,larvalDiet,12
Lycoriella riparia,2,adultDiet,4
Lycoriella riparia,2,larvalDiet,0
Clusiodes johnsoni,2,adultDiet,12
Clusiodes johnsoni,2,larvalDiet,12
Scatopsciara fera,2,adultDiet,4
Scatopsciara fera,2,larvalDiet,8
Lasiomma octoguttatum,2,adultDiet,1
Lasiomma octoguttatum,2,larvalDiet,8
Tvetenia paucunca,0,adultDiet,4
Tvetenia paucunca,0,larvalDiet,10
Culiseta inornata,0,adultDiet,2
Culiseta inornata,0,larvalDiet,5
Medetera vittata,1,adultDiet,11
Medetera vittata,1,larvalDiet,11
Megaselia pleuralis,2,adultDiet,12
Megaselia pleuralis,2,larvalDiet,12
Drosophila putrida,2,adultDiet,0
Drosophila putrida,2,larvalDiet,0
Fannia sociella,2,adultDiet,12
Fannia sociella,2,larvalDiet,12
Schoenomyza litorella,2,adultDiet,11
Schoenomyza litorella,2,larvalDiet,11
Pipiza quadrimaculata,2,adultDiet,1
Pipiza quadrimaculata,2,larvalDiet,11
Micropsectra logani,0,adultDiet,4
Micropsectra logani,0,larvalDiet,10
Spelobia clunipes,1,adultDiet,4
Spelobia clunipes,1,larvalDiet,12
Dicrotendipes modestus,0,adultDiet,4
Dicrotendipes modestus,0,larvalDiet,10
Tachinomyia panaetius,2,adultDiet,1
Tachinomyia panaetius,2,larvalDiet,7
Rhagio mystaceus,2,adultDiet,11
Rhagio mystaceus,2,larvalDiet,11
Hydrellia notata,0,adultDiet,11
Hydrellia notata,0,larvalDiet,8
Paratanytarsus grimmii,0,adultDiet,4
Paratanytarsus grimmii,0,larvalDiet,10
Tanytarsus volgensis,0,adultDiet,4
Tanytarsus volgensis,0,larvalDiet,10
Fannia scyphocerca,2,adultDiet,12
Fannia scyphocerca,2,larvalDiet,12
Alliopsis fractiseta,2,adultDiet,1
Alliopsis fractiseta,2,larvalDiet,8
Cratyna cryptospina,2,adultDiet,4
Cratyna cryptospina,2,larvalDiet,12
Bradysia placida,2,adultDiet,4
Bradysia placida,2,larvalDiet,9
Coenosia atritibia,2,adultDiet,11
Coenosia atritibia,2,larvalDiet,11
Calliphora vomitoria,2,adultDiet,1
Calliphora vomitoria,2,larvalDiet,12
Pegomya geniculata,2,adultDiet,1
Pegomya geniculata,2,larvalDiet,8
Apallates coxendix,2,adultDiet,1
Apallates coxendix,2,larvalDiet,8
Corynoptera subcavipes,2,adultDiet,4
Corynoptera subcavipes,2,larvalDiet,12
Eristalis dimidiata,0,adultDiet,1
Eristalis dimidiata,0,larvalDiet,12
Anthomyia plurinotata,2,adultDiet,1
Anthomyia plurinotata,2,larvalDiet,8
Chromatomyia fuscula,2,adultDiet,8
Chromatomyia fuscula,2,larvalDiet,8
Hybomitra lasiophthalma,2,adultDiet,1
Hybomitra lasiophthalma,2,larvalDiet,12
Rhamphomyia latilobata,2,adultDiet,11
Rhamphomyia latilobata,2,larvalDiet,11
Stempellinella fimbriata,0,adultDiet,4
Stempellinella fimbriata,0,larvalDiet,10
Dorylomorpha albitarsis,2,adultDiet,8
Dorylomorpha albitarsis,2,larvalDiet,7
Psectrocladius limbatellus,0,adultDiet,4
Psectrocladius limbatellus,0,larvalDiet,10
Limnophyes minimus,0,adultDiet,4
Limnophyes minimus,0,larvalDiet,10
Hybomitra frontalis,2,adultDiet,1
Hybomitra frontalis,2,larvalDiet,12
Drosophila tripunctata,2,adultDiet,9
Drosophila tripunctata,2,larvalDiet,9
Paramyia pseudonitens,2,adultDiet,1
Paramyia pseudonitens,2,larvalDiet,12
Phytoliriomyza dorsata,2,adultDiet,8
Phytoliriomyza dorsata,2,larvalDiet,8
Phaonia subfuscinervis,2,adultDiet,1
Phaonia subfuscinervis,2,larvalDiet,11
Mycetophila alea,2,adultDiet,4
Mycetophila alea,2,larvalDiet,0
Ablabesmyia monilis,0,adultDiet,4
Ablabesmyia monilis,0,larvalDiet,10
