Species	Length	E_Length	J_Length	Nymph_LS	Adult_LS	Univoltine	Bivoltine	Multivoltine	Semivoltine	Clutch_S	Clutch_PY
Abisares_viridipennis	NA	4.3	NA	NA	NA	NA	NA	NA	NA	55	NA
Abracris_flavolineata	NA	NA	NA	NA	NA	NA	NA	NA	NA	NA	NA
Acanthacris_ruficornis	62.35	6	NA	64.5	NA	NA	NA	NA	NA	151	13.6
Acanthoxia_gladiator	97.7	5.45	NA	NA	NA	NA	NA	NA	NA	35	NA
Acrida_acuminata	66	NA	NA	NA	NA	NA	NA	NA	NA	NA	NA
Acrida_bicolor	55.2	6.0375	NA	NA	NA	NA	NA	NA	NA	59.5	NA
Acrida_cinerea	NA	6.1	NA	NA	NA	NA	NA	NA	NA	NA	NA
Acrida_conica	70	NA	9.3	NA	NA	NA	NA	NA	NA	NA	NA
Acrida_gigantea	NA	4.875	NA	NA	NA	NA	NA	NA	NA	58.5	NA
Acrida_oxycephala	NA	NA	NA	NA	NA	NA	NA	NA	NA	NA	NA
Acridium_fulvum	NA	6.5	6.25	134	NA	1	0	0	0	100	NA
Acrolophitus_hirtipes	37.5	7.11	NA	NA	NA	NA	NA	NA	NA	11	NA
Acrotylus_angulatus	20.5	3.5	5	87	NA	0	1	0	0	20	NA
Acrotylus_insubricus	NA	NA	NA	NA	NA	1	0	0	0	NA	NA
Acrotylus_patruelis	NA	3.6	NA	NA	NA	NA	NA	NA	NA	17	NA
Adimantus_ornatissimus	NA	NA	NA	NA	NA	NA	NA	NA	NA	NA	NA
Aeoloplides_turnbulli	20.575	4.235	4.35	55	NA	0	0	0	1	18.5	NA
Aeropedellus_arcticus	15.5	NA	NA	NA	NA	NA	NA	NA	NA	NA	NA
Aeropedellus_clavatus	18.75	5.05	6.25	36	NA	0	0	0	1	6.5	NA
Afroxyrrhepes_acuticercus	NA	5.75	NA	NA	NA	NA	NA	NA	NA	69.5	NA
Afroxyrrhepes_procera	NA	5.75	NA	NA	NA	NA	NA	NA	NA	62.5	NA
Ageneotettix_deorum	19.175	4.945	4.9	44	23	1	0	0	0	4.5	3
Aiolopus_longicornis	NA	3.85	NA	NA	NA	NA	NA	NA	NA	31	NA
Aiolopus_thalassinus	20	3.925	4.65	44.119	NA	0	1	0	0	19.25	2.365
Aleuas_lineatus	NA	NA	NA	NA	NA	1	0	0	0	NA	NA
Amblytropida_mysteca	NA	4.25	NA	NA	NA	NA	NA	NA	NA	27	NA
Amphitornus_coloradus	21.15	4.95	6.15	53	NA	1	0	0	0	4	NA
Anacridium_melanorhodon	NA	NA	NA	NA	NA	1	0	0	0	150	3
Anacridium_wernerellum	NA	NA	NA	NA	NA	1	1	0	0	NA	NA
Apotropis_vittata	27	NA	5.1	NA	NA	NA	NA	NA	NA	NA	NA
Arcyptera_fusca	32.5	5.95	NA	NA	NA	NA	NA	NA	NA	NA	NA
Arcyptera_microptera	23.5	5.4	NA	NA	NA	NA	NA	NA	NA	NA	NA
Arphia_conspersa	27	5.175	5.45	NA	NA	0	0	0	1	18.55	NA
Arphia_pseudonietana	24.875	4.7	5.45	49	NA	NA	NA	NA	NA	29	NA
Arphia_simplex	36.5	5.26	NA	NA	NA	NA	NA	NA	NA	32.7	NA
Aulocara_elliotti	19.875	4.925	5.65	39	20	1	0	0	0	8.1	1.85
Aulocara_femoratum	19.275	4.95	6.4	NA	NA	NA	NA	NA	NA	10	NA
Austracris_basalis	63	NA	9.2	NA	NA	NA	NA	NA	NA	NA	NA
Austracris_guttulosa	63	NA	7.6	NA	NA	NA	NA	NA	NA	NA	NA
Austracris_proxima	58.5	NA	5.2	NA	NA	NA	NA	NA	NA	NA	NA
Austroicetes_cruciata	19.5	NA	4.2	NA	NA	NA	NA	NA	NA	NA	NA
Austroicetes_frater	20.5	NA	4.8	NA	NA	NA	NA	NA	NA	NA	NA
Austroicetes_pusilla	17	NA	4.2	NA	NA	NA	NA	NA	NA	NA	NA
Austroicetes_vulgaris	17.5	NA	5.2	NA	NA	NA	NA	NA	NA	NA	NA
Bermiella_acuta	NA	NA	6.1	NA	NA	NA	NA	NA	NA	NA	NA
Bermius_brachycerus	29	NA	5.9	NA	NA	NA	NA	NA	NA	NA	NA
Boopedon_gracile	34.75	6.39	NA	NA	NA	NA	NA	NA	NA	30.6	NA
Boopedon_nubilum	29.625	7.1	7.25	32.67	62	NA	NA	NA	NA	50	NA
Bootettix_argentatus	21.5	4.7	NA	NA	NA	NA	NA	NA	NA	NA	NA
Borellia_bruneri	NA	NA	NA	NA	NA	1	0	0	0	NA	NA
Borellia_pallida	NA	NA	NA	NA	NA	1	0	0	0	NA	NA
Brachyexarna_lobipennis	14	NA	5.3	NA	NA	NA	NA	NA	NA	NA	NA
Bruneria_bruneria	17.375	5.95	6.2	43	NA	NA	NA	NA	NA	6	NA
Bryodema_tuberculata	31.25	NA	NA	NA	NA	NA	NA	NA	NA	NA	NA
Buforania_crassa	48	NA	6.9	NA	NA	NA	NA	NA	NA	NA	NA
Caledia_captiva	26.5	NA	5.2	NA	NA	NA	NA	NA	NA	NA	NA
Calephorops_virdis	17.5	NA	4.567	NA	NA	NA	NA	NA	NA	NA	NA
Calliptamus_abbreviatus	NA	5.4	NA	NA	NA	NA	NA	NA	NA	NA	NA
Calliptamus_barbarus	NA	5.25	NA	NA	NA	NA	NA	NA	NA	NA	NA
Calliptamus_italicus	25.25	5.45	NA	NA	NA	NA	NA	NA	NA	NA	NA
Camnula_pellucida	22	4.89	4.85	33	60.25	1	0	0	0	21.15	7.95
Campylacantha_olivacea	27.25	4.23	NA	NA	NA	NA	NA	NA	NA	43	NA
Cataloipus_oberthuri	NA	5.717	NA	NA	NA	NA	NA	NA	NA	62.5	NA
Catantops_melanostictus	NA	3.85	NA	NA	NA	NA	NA	NA	NA	50	NA
Cedarinia_limbatella	21.5	NA	6.5	NA	NA	NA	NA	NA	NA	NA	NA
Ceracris_deflorata	NA	4.875	NA	NA	NA	NA	NA	NA	NA	18	NA
Chloealtis_abdominalis	22	NA	NA	NA	NA	1	0	0	0	NA	NA
Chloealtis_conspersa	20.75	5	NA	NA	NA	NA	NA	NA	NA	NA	NA
Chloroplus_cactocaetes	NA	4.07	NA	NA	NA	NA	NA	NA	NA	9.5	NA
Choroedocus_capensis	48.85	5.4	8	76.75	NA	1	0	0	0	79.5	NA
Chorthippus_albomarginatus	16.75	4.25	NA	NA	NA	NA	NA	NA	NA	NA	NA
Chorthippus_apricarius	16.75	4.05	NA	NA	NA	NA	NA	NA	NA	NA	NA
Chorthippus_biguttulus	16.75	4.05	NA	NA	NA	NA	NA	NA	NA	NA	NA
Chorthippus_brevicornis	NA	NA	NA	NA	NA	NA	NA	NA	NA	NA	NA
Chorthippus_brunneus	19	4.25	NA	NA	36.5	1	0	0	0	10.1	22.6
Chorthippus_curtipennis	18.65	4.2	6.15	30	NA	0	0	0	1	5	NA
Chorthippus_dorsatus	19	NA	NA	NA	NA	NA	NA	NA	NA	NA	NA
Chorthippus_dubius	NA	3.95	NA	NA	NA	NA	NA	NA	NA	NA	NA
Chorthippus_fallax	NA	4.1	NA	NA	NA	NA	NA	NA	NA	NA	NA
Chorthippus_hsiai	NA	NA	NA	NA	NA	NA	NA	NA	NA	NA	NA
Chorthippus_intermedius	NA	5	NA	NA	NA	NA	NA	NA	NA	NA	NA
Chorthippus_mollis	15.625	6.4	NA	NA	NA	NA	NA	NA	NA	NA	NA
Chorthippus_parallelus	17.25	3.9	NA	51.09	NA	1	0	0	0	NA	NA
Chorthippus_pullus	17.25	NA	NA	NA	NA	NA	NA	NA	NA	NA	NA
Chorthippus_qingzangensis	NA	NA	NA	NA	NA	NA	NA	NA	NA	NA	NA
Chorthippus_vagans	16.25	4.5	NA	NA	NA	NA	NA	NA	NA	NA	NA
Chortoicetes_terminifera	31.25	NA	5	NA	NA	0	1	1	0	NA	NA
Chortophaga_viridifasciata	23.1	4.25	6.85	NA	NA	1	1	1	0	24.01	NA
Chrysochraon_dispar	21.75	5.25	NA	NA	NA	NA	NA	NA	NA	NA	NA
Cirphula_pyrrhocnemis	24	NA	5.1	NA	NA	NA	NA	NA	NA	NA	NA
Collitera_variegata	24.5	NA	5.2	NA	NA	NA	NA	NA	NA	NA	NA
Copiocera_specularis	NA	NA	NA	NA	NA	NA	NA	NA	NA	NA	NA
Cordillacris_crenulata	14	5.25	5.25	36	NA	NA	NA	NA	NA	2.5	NA
Cordillacris_occipitalis	19.875	5	5.6	NA	NA	NA	NA	NA	NA	2.5	NA
Cornops_aquaticum	NA	NA	NA	NA	NA	NA	NA	NA	NA	NA	NA
Cornops_frenatum	NA	NA	NA	NA	NA	NA	NA	NA	NA	NA	NA
Coryphistes_ruricola	44.7	NA	6.5	NA	NA	NA	NA	NA	NA	NA	NA
Covasacris_pallidinota	NA	NA	NA	NA	NA	1	0	0	0	NA	NA
Crucinotacris_werneriana	NA	3.7	NA	NA	NA	NA	NA	NA	NA	14.5	NA
Cryptobothrus_chrysophorus	23	NA	4.5	NA	NA	NA	NA	NA	NA	NA	NA
Cyrtacanthacris_aeruginosa	NA	6.925	NA	NA	NA	NA	NA	NA	NA	108.5	NA
Dactylotum_bicolor	26.5	5.27	NA	NA	NA	NA	NA	NA	NA	13.85	NA
Dasyhippus_barbipes	NA	5.1	NA	NA	NA	NA	NA	NA	NA	NA	NA
Dericorys_annulata	NA	NA	NA	NA	NA	NA	NA	NA	NA	NA	NA
Derotmema_haydeni	19.375	4.45	4.25	40	NA	1	0	0	0	14.25	NA
Diabolocatantops_axillaris	43.6	5.05	NA	NA	NA	NA	NA	NA	NA	49.5	NA
Dichromorpha_viridis	22.25	4.56	NA	NA	NA	NA	NA	NA	NA	26.8	NA
Dichroplus_elongatus	NA	NA	NA	NA	NA	1	0	0	0	NA	NA
Dichroplus_maculipennis	NA	NA	NA	NA	52.7	1	0	0	0	24.65	2.47
Dichroplus_pratensis	NA	NA	NA	NA	NA	1	0	0	0	NA	NA
Dissosteira_carolina	34.125	5.3	6.75	47.5	NA	NA	NA	NA	NA	53.5	NA
Dissosteira_longipennis	36.5	5	7.8	44.5	NA	NA	NA	NA	NA	65	NA
Dnopherula_pictipes	NA	3.65	NA	NA	NA	NA	NA	NA	NA	19	NA
Dociostaurus_maroccanus	26.25	5.25	NA	NA	NA	1	0	0	0	25	NA
Drymophilacris_bimaculata	16.35	NA	NA	NA	NA	NA	NA	NA	NA	NA	NA
Duronia_chloronata	NA	4.7	NA	NA	NA	NA	NA	NA	NA	33	NA
Ecphantus_quadrilobus	29	NA	4.75	NA	NA	NA	NA	NA	NA	NA	NA
Encoptolophus_costalis	20.125	4.2	4.6	61	NA	1	1	0	0	17	NA
Encoptolophus_sordidus	NA	3.94	NA	NA	NA	NA	NA	NA	NA	16.4	NA
Eremippus_qilianshanensis	NA	NA	NA	NA	NA	NA	NA	NA	NA	NA	NA
Eremippus_simplex	NA	4.7	NA	NA	NA	NA	NA	NA	NA	NA	NA
Eritettix_abortivus	16.75	3.58	NA	NA	NA	NA	NA	NA	NA	12	NA
Eritettix_simplex	19.25	4.4	7.05	273.8	NA	NA	NA	NA	NA	18	NA
Euchorthippus_unicolor	NA	4.9	NA	NA	NA	NA	NA	NA	NA	NA	NA
Eumecistes_gratiosus	37	NA	6.7	NA	NA	NA	NA	NA	NA	NA	NA
Eupropacris_coerulea	NA	NA	NA	NA	NA	NA	NA	NA	NA	NA	NA
Eupropacris_cylindricollis	29.5	NA	NA	NA	NA	NA	NA	NA	NA	NA	NA
Euthystira_brachyptera	18.5	5	NA	NA	NA	NA	NA	NA	NA	5.5	NA
Exopropacris_decipiens	NA	5.6	NA	NA	NA	NA	NA	NA	NA	19	NA
Eyprepocnemis_capitatus	NA	5.45	NA	NA	NA	NA	NA	NA	NA	55	NA
Eyprepocnemis_roseus	23	5.15	4.05	46.25	NA	NA	NA	NA	NA	14	NA
Faureia_milajica	NA	4.75	NA	NA	NA	NA	NA	NA	NA	11.5	NA
Fipurga_crassa	NA	NA	5.3	NA	NA	NA	NA	NA	NA	NA	NA
Froggattina_australis	23.5	NA	4.8	NA	NA	NA	NA	NA	NA	NA	NA
Gastrimargus_africanus	31.675	4.75	NA	NA	NA	1	1	0	0	50	NA
Gastrimargus_marmoratus	36.625	4.875	NA	NA	NA	0	1	0	0	84	NA
Gastrimargus_musicus	43	NA	5.5	NA	NA	NA	NA	NA	NA	NA	NA
Gesonula_punctifrons	18.06	4	NA	41.433	NA	NA	NA	NA	NA	NA	NA
Gomphoceripppus_rufus	17.75	NA	NA	NA	NA	NA	NA	NA	NA	NA	NA
Gomphocerus_licenti	NA	5.5	NA	NA	NA	NA	NA	NA	NA	NA	NA
Gomphocerus_sibiricus	21.25	5.3	NA	NA	NA	1	0	0	0	NA	NA
Goniaea_australasiae	43.5	NA	7	NA	NA	NA	NA	NA	NA	NA	NA
Goniaea_opomaloides	37.5	NA	7.65	NA	NA	NA	NA	NA	NA	NA	NA
Goniaea_vocans	51.5	NA	7.1	NA	NA	NA	NA	NA	NA	NA	NA
Goniaeoidea_rufotestacea	34	NA	6.2	NA	NA	NA	NA	NA	NA	NA	NA
Gymnobothrus_gracilis	NA	3.7	NA	NA	NA	NA	NA	NA	NA	11	NA
Gymnobothrus_temporalis	NA	3.7	NA	NA	NA	NA	NA	NA	NA	11	NA
Hadrotettix_trifasciatus	28.875	7.34	7.8	59	NA	NA	NA	NA	NA	22	NA
Heliastus_subroseus	NA	6.28	NA	NA	NA	NA	NA	NA	NA	14.5	NA
Hesperotettix_speciosus	27.75	5.41	NA	NA	NA	NA	NA	NA	NA	16.6	NA
Hesperotettix_viridis	20.5	4.955	5.65	48.25	NA	NA	NA	NA	NA	9	NA
Heteropternis_obscurella	29	NA	4.8	NA	NA	NA	NA	NA	NA	NA	NA
Hieroglyphodes_assamensis	NA	5.575	NA	NA	NA	NA	NA	NA	NA	28	NA
Hippiscus_ocelote	40	6.07	NA	NA	NA	NA	NA	NA	NA	49	NA
Humbe_tenuicornis	NA	5.3	NA	NA	NA	1	0	1	0	29	NA
Hypochlora_alba	17.525	4.36	5.5	45	NA	NA	NA	NA	NA	9.555	NA
Kosciuscola_cognatus	19.5	NA	4.8	NA	NA	NA	NA	NA	NA	NA	NA
Lactista_azteca	NA	4.27	NA	NA	NA	NA	NA	NA	NA	13	NA
Laxabilla_smaragdina	15	NA	4.1	NA	NA	NA	NA	NA	NA	NA	NA
Leptysma_argentina	NA	NA	NA	NA	NA	NA	NA	NA	NA	NA	NA
Leptysma_marginicollis	37.4	7.505	10.7	91.25	319.4	NA	NA	NA	NA	6.41	5.4
Locusta_migratoria	48.75	6.558	8.3	NA	NA	1	1	1	0	71.5	NA
Locustana_pardalina	43.75	NA	NA	NA	NA	0	1	1	1	42	4.5
Macrotona_australis	23	NA	6.3	NA	NA	NA	NA	NA	NA	NA	NA
Macrotona_securiformis	20	NA	6.8	NA	NA	NA	NA	NA	NA	NA	NA
Marellia_remipes	NA	NA	NA	NA	NA	NA	NA	NA	NA	NA	NA
Mecostethus_alliaceus	25	NA	NA	NA	NA	NA	NA	NA	NA	NA	NA
Melanoplus_alpinus	20.125	4.65	4.85	32.5	NA	0	0	0	1	10	NA
Melanoplus_angustipennis	21.725	4.62	4.2	39	NA	NA	NA	NA	NA	16.133	NA
Melanoplus_bispinosus	28.25	4.54	NA	NA	NA	NA	NA	NA	NA	29.94	NA
Melanoplus_bivittatus	33.75	5.3	5.8	40	NA	0	0	0	1	59.85	8.2
Melanoplus_borealis	21.99	3.95	4.4	41.6485	71.467	0	0	0	1	14.6	5.4
Melanoplus_bowditchi	23.125	4.7	5	35	NA	NA	NA	NA	NA	12.5	NA
Melanoplus_bruneri	22.25	4.05	5.1	33	NA	0	0	0	1	21.5	NA
Melanoplus_confusus	21	4.725	4.6	43	NA	1	0	0	0	11.69	NA
Melanoplus_dawsoni	18.2	4.1	4.8	43.5	NA	NA	NA	NA	NA	10.9	NA
Melanoplus_devastator	21.125	4.15	4	70	NA	NA	NA	NA	NA	25.5	NA
Melanoplus_differentialis	34	4.87	5.65	32	NA	1	0	0	0	108.25	7
Melanoplus_dodgei	NA	5.77	NA	NA	NA	NA	NA	NA	NA	8	NA
Melanoplus_fasciatus	20.5	NA	NA	NA	NA	1	1	0	0	NA	NA
Melanoplus_femurrubrum	23.125	4.32	4.8	40	NA	1	0	0	0	22.5	NA
Melanoplus_foedus	28.5	4.95	5.4	37.67	NA	NA	NA	NA	NA	23	NA
Melanoplus_frigidus	22.5	4.85	NA	NA	NA	1	0	0	0	NA	NA
Melanoplus_gladstoni	21.7	4.45	4.1	56	NA	1	0	0	0	22.5	NA
Melanoplus_glaucipes	NA	4.26	NA	NA	NA	NA	NA	NA	NA	10.58	NA
Melanoplus_infantilis	17.125	4.05	4.7	30.5	18.5	NA	NA	NA	NA	11.5	NA
Melanoplus_keeleri	20.425	4.15	4.7	46	NA	NA	NA	NA	NA	21	NA
Melanoplus_kennicotti	21.25	4.4	4.95	33.5	NA	NA	NA	NA	NA	12	NA
Melanoplus_lakinus	19.5	4.16	4.05	28	NA	NA	NA	NA	NA	21.25	NA
Melanoplus_mexicanus	NA	4.27	NA	NA	NA	NA	NA	NA	NA	19.3	NA
Melanoplus_occidentalis	21.55	4.9	4.35	42.5	NA	1	0	0	0	9	NA
Melanoplus_packardii	31.625	4.9	5.1	55	NA	NA	NA	NA	NA	22.5	NA
Melanoplus_plebejus	NA	4.09	NA	NA	NA	NA	NA	NA	NA	16.8	NA
Melanoplus_rugglesi	22.875	4.5	4.7	42	NA	NA	NA	NA	NA	19.5	NA
Melanoplus_sanguinipes	23.75	4.5	5	45	75	1	1	0	0	21.4	17.55
Melanoplus_scudderi	20.5	4.13	NA	NA	NA	NA	NA	NA	NA	23.8	NA
Mermiria_bivittata	32.325	7.12	9.95	NA	NA	NA	NA	NA	NA	17.95	NA
Mesopsera_filum	44.4	NA	NA	NA	NA	NA	NA	NA	NA	NA	NA
Mesopsis_laticornis	NA	5.95	NA	NA	NA	NA	NA	NA	NA	30.5	NA
Metator_pardalinus	27.75	6.62	6.75	36	NA	1	0	0	0	16	NA
Metaxymecus_gracilipes	NA	4.75	NA	NA	NA	1	1	0	0	34	NA
Microtylopteryx_hebardi	NA	NA	NA	NA	NA	NA	NA	NA	NA	NA	NA
Miramella_alpina	23	NA	NA	NA	NA	NA	NA	NA	NA	NA	NA
Morphacris_fasciata	NA	4.55	NA	NA	NA	NA	NA	NA	NA	24	NA
Myrmeleotettix_maculatus	13.25	4.3	NA	NA	NA	1	0	0	0	4.1	6.4
Myrmeleotettix_palpalis	NA	3.95	NA	NA	NA	NA	NA	NA	NA	NA	NA
Nebulatettix_subgracilis	NA	4.15	NA	NA	NA	NA	NA	NA	NA	15.7	NA
Nomadacris_septemfasciata	49.25	5.9	NA	63	243.3	1	0	0	0	133	2.6
Oedaleonotus_enigma	20.5	5	4.4	46	NA	NA	NA	NA	NA	19	NA
Oedaleus_abruptus	18.05	3.7	NA	NA	NA	0	1	0	0	22.5	NA
Oedaleus_australis	26.5	NA	4.8	NA	NA	NA	NA	NA	NA	NA	NA
Oedaleus_nigeriensis	NA	4.4	NA	NA	NA	NA	NA	NA	NA	27	NA
Oedaleus_nigrofasciatus	29.755	4.5	5.75	80	NA	NA	NA	NA	NA	22.5	NA
Oedaleus_senegalensis	26.315	4.8	7.5	25	NA	0	0	1	0	22.5	2.5
Oedipoda_caerulescens	21.5	4.25	NA	NA	NA	NA	NA	NA	NA	NA	NA
Omocestus_haemorrhoidalis	14.75	5	NA	NA	NA	NA	NA	NA	NA	NA	NA
Omocestus_rufipes	17	4.25	NA	NA	NA	NA	NA	NA	NA	NA	NA
Omocestus_viridulus	18.5	4.3	NA	NA	NA	1	0	0	0	5	4.5
Opeia_obscura	16.55	4.14	5.55	43	NA	NA	NA	NA	NA	9	NA
Ornithacris_cyanea	NA	5.7	NA	NA	NA	NA	NA	NA	NA	161	NA
Orphulella_pelidna	22.25	4.545	NA	NA	NA	NA	NA	NA	NA	8.3	NA
Orphulella_speciosa	16	3.95	4.55	45	NA	NA	NA	NA	NA	11.1	NA
Orthacanthacris_humilicrus	NA	5.75	NA	NA	NA	NA	NA	NA	NA	126	NA
Orthochtha_dasycnemis	22	5.15	NA	NA	NA	1	0	0	0	31.5	NA
Oxya_chinensis	20.575	4.15	NA	68.583	NA	NA	NA	NA	NA	32.3	NA
Oxya_japonica	27.35	NA	6.5	61.967	70	NA	NA	NA	NA	24.21	4.95
Oxya_oxyura	NA	NA	NA	NA	NA	NA	NA	NA	NA	NA	NA
Oxya_velox	24.5	NA	NA	NA	NA	NA	NA	NA	NA	NA	NA
Oxycatantops_adustus	NA	5.55	NA	NA	NA	NA	NA	NA	NA	52.5	NA
Paracinema_tricolor	28.775	4.35	NA	NA	NA	0	0	1	0	96.5	NA
Parahieroglyphus_bilineatus	NA	4.15	NA	NA	NA	NA	NA	NA	NA	34	NA
Paraidemona_mimica	NA	3.97	NA	NA	NA	NA	NA	NA	NA	12	NA
Paraidemona_punctata	NA	3.92	NA	NA	NA	NA	NA	NA	NA	11.1	NA
Pardalophora_phoenicoptera	44.5	6.37	NA	NA	NA	NA	NA	NA	NA	58.5	NA
Pardillana_limbata	50	NA	7	NA	NA	NA	NA	NA	NA	NA	NA
Paulinia_acuminata	22.6	NA	NA	37.095	67.88	NA	NA	NA	NA	NA	NA
Peakesia_brunnea	27.5	NA	5.8	NA	NA	NA	NA	NA	NA	NA	NA
Peakesia_hospita	25.25	NA	4.5	NA	NA	NA	NA	NA	NA	NA	NA
Perala_viridis	23	NA	6.1	NA	NA	NA	NA	NA	NA	NA	NA
Perbellia_brevialata	21.5	NA	7.1	NA	NA	NA	NA	NA	NA	NA	NA
Percassa_rugifrons	29.5	NA	6.1	NA	NA	NA	NA	NA	NA	NA	NA
Perelytrana_rana	29.5	NA	4.9	NA	NA	NA	NA	NA	NA	NA	NA
Perunga_ochracea	24	NA	5.1	NA	NA	NA	NA	NA	NA	NA	NA
Phaedrotettix_accola	NA	4.12	NA	NA	NA	NA	NA	NA	NA	8	NA
Phaedrotettix_dumicola	NA	4.25	NA	NA	NA	NA	NA	NA	NA	8.8	NA
Phaedrotettix_gracilis	NA	3.96	NA	NA	NA	NA	NA	NA	NA	9.3	NA
Phaeocatantops_decoratus	NA	4.35	NA	NA	NA	NA	NA	NA	NA	37	NA
Phaulacridium_vittatum	13.75	NA	4.9	NA	NA	1	0	0	0	NA	NA
Phlaeoba_panteli	NA	4.725	NA	NA	NA	NA	NA	NA	NA	27	NA
Phlibostroma_quadrimaculatum	17.375	4.99	5.5	48	NA	NA	NA	NA	NA	9.5	NA
Phoetaliotes_nebrascensis	20.05	4.25	3.45	55	NA	NA	NA	NA	NA	25	NA
Pnorisa_squalus	NA	3.85	NA	NA	NA	NA	NA	NA	NA	19	NA
Podisma_pedestris	22.5	4.8	NA	NA	NA	NA	NA	NA	NA	NA	NA
Poecilocerastis_striata	NA	4.45	NA	NA	NA	NA	NA	NA	NA	18	NA
Praxibulus_insolens	17	NA	6	NA	NA	NA	NA	NA	NA	NA	NA
Pseudopomala_brachyptera	26.75	6.1	NA	NA	NA	NA	NA	NA	NA	NA	NA
Psinidia_amplicornus	26.5	5.46	NA	NA	NA	NA	NA	NA	NA	11.6	NA
Psinidia_fenestralis	28.5	5.34	NA	NA	NA	NA	NA	NA	NA	NA	NA
Psoloessa_delicatula	16.5	4.9	4.85	NA	NA	0	0	0	1	18	NA
Psoloessa_texana	NA	NA	NA	NA	NA	NA	NA	NA	NA	12	NA
Psophus_stridulus	28.5	6.5	NA	NA	NA	NA	NA	NA	NA	NA	NA
Pycnostictus_seriatus	22	NA	4.9	NA	NA	NA	NA	NA	NA	NA	NA
Qualetta_maculata	28	NA	6.3	NA	NA	NA	NA	NA	NA	NA	NA
Rectitropis_australis	16.5	NA	8.4	NA	NA	NA	NA	NA	NA	NA	NA
Rhammatocerus_schistocercoides	NA	NA	NA	NA	NA	1	0	0	0	NA	NA
Rhaphotittha_leai	NA	4	NA	NA	NA	NA	NA	NA	NA	16	NA
Ronderosia_bergii	20.775	NA	NA	30.8	127.4	NA	NA	NA	NA	7.6	16.45
Schistocerca_americana	48.625	7.015	6.5	NA	NA	0	1	0	0	108	NA
Schistocerca_cancellata	51.82	NA	NA	33.24	88.7	1	1	1	0	73	NA
Schistocerca_gregaria	51.75	7.22	NA	NA	NA	0	0	1	0	62.627	2.5
Schistocerca_lineata	34.5	6.09	NA	NA	NA	NA	NA	NA	NA	85.6	NA
Schistocerca_piceifrons	NA	NA	NA	NA	NA	0	1	0	0	NA	NA
Schizobothrus_flavovittatus	28	NA	6.2	NA	NA	NA	NA	NA	NA	NA	NA
Scotussa_cliens	24.8	NA	NA	NA	NA	NA	NA	NA	NA	NA	NA
Scotussa_leminscata	22.4	NA	NA	NA	NA	1	0	0	0	NA	NA
Scotussa_liebermanni	25.25	NA	NA	NA	NA	NA	NA	NA	NA	NA	NA
Sinipta_dalmani	NA	NA	NA	NA	NA	1	0	0	0	NA	NA
Spathosternum_prasiniferum	17.25	4.1	NA	NA	NA	0	1	0	0	22.5	NA
Spharagemon_collare	24.125	5.1	5.15	42	NA	NA	NA	NA	NA	24.75	NA
Spharagemon_equale	28.2	5.25	5.2	55	NA	NA	NA	NA	NA	25	NA
Sphingonotus_caerulans	22.75	NA	NA	NA	NA	NA	NA	NA	NA	NA	NA
Stauroderus_scalaris	22.25	4.8	NA	NA	NA	NA	NA	NA	NA	NA	NA
Stenacris_vitreipennis	30.25	5.3	NA	NA	NA	NA	NA	NA	NA	14	NA
Stenobothrus_lineatus	20.25	4.7	NA	NA	NA	1	0	0	0	6.35	3.7
Stenobothrus_nigromaculatus	18.5	4.5	NA	NA	NA	NA	NA	NA	NA	NA	NA
Stenobothrus_stigmaticus	15.25	NA	NA	NA	NA	NA	NA	NA	NA	NA	NA
Stenopola_pallida	NA	NA	NA	NA	NA	NA	NA	NA	NA	NA	NA
Stethophyma_grossum	25.5	6.55	NA	NA	NA	NA	NA	NA	NA	40	NA
Stethophyma_lineatum	31	NA	NA	NA	NA	NA	NA	NA	NA	NA	NA
Stropis_maculosa	38	NA	6.9	NA	NA	NA	NA	NA	NA	NA	NA
Syrbula_admirabilis	34.25	4.69	4.69	NA	NA	NA	NA	NA	NA	41.8	NA
Syrbula_montezuma	32.25	4.85	4.85	NA	NA	NA	NA	NA	NA	40	NA
Tolgadia_bivittata	32	NA	5.1	NA	NA	NA	NA	NA	NA	NA	NA
Trachyrhachys_aspera	20.325	4.9	5.4	51	NA	NA	NA	NA	NA	NA	NA
Trachyrhachys_kiowa	18.5	4.575	4.15	45	NA	1	0	0	0	12.85	NA
Trilophidia_conturbata	NA	3.825	3.4	NA	NA	0	1	0	0	18	NA
Trimerotropis_pallidipennis	26.125	4.75	5.7	55	80	NA	NA	NA	NA	37	NA
Tristria_pallida	NA	4.15	NA	NA	NA	NA	NA	NA	NA	17.5	NA
Truxalis_burtti	NA	6.5	NA	NA	NA	NA	NA	NA	NA	23.5	NA
Tylotropidius_didymus	NA	5.6	NA	NA	NA	NA	NA	NA	NA	41.5	NA
Urnisa_guttulosa	27	NA	5.6	NA	NA	NA	NA	NA	NA	NA	NA
Valanga_irregularis	75.5	NA	8.5	NA	NA	NA	NA	NA	NA	NA	NA
Vitticatantops_humeralis	22.5	NA	NA	NA	NA	1	0	0	0	NA	NA
Xanthippus_brooksi	30	NA	NA	NA	NA	0	0	0	1	NA	NA
Xanthippus_corallipes	32.5	6.045	5.35	NA	NA	1	0	0	0	53	NA
Xenocatantops_humilis	26.9	3.95	NA	91.25	NA	NA	NA	NA	NA	27	NA
Zebratula_flavonigra	26.5	NA	4.6	NA	NA	NA	NA	NA	NA	NA	NA
Anisoura_nicobarica	21.5	NA	NA	NA	NA	NA	NA	NA	NA	NA	NA
Cratomelus_armatus	35.83	3.5	NA	NA	NA	NA	NA	NA	NA	NA	NA
Deinacrida_carinata	40	NA	NA	NA	NA	NA	NA	NA	NA	NA	NA
Deinacrida_connectens	45	NA	NA	NA	NA	NA	NA	NA	NA	NA	NA
Deinacrida_elegans	46.25	9.3	NA	NA	NA	NA	NA	NA	NA	NA	NA
Deinacrida_fallai	73	7	NA	395.4	279	NA	NA	NA	NA	27	9.556
Deinacrida_heteracantha	55	7	NA	547.5	175.5	NA	NA	NA	NA	27	7.74
Deinacrida_mahoenui	43.8	6.95	NA	394	169	0	0	1	0	NA	NA
Deinacrida_parva	28	NA	NA	NA	NA	NA	NA	NA	NA	NA	NA
Deinacrida_pluvialis	44.3	9	NA	NA	NA	NA	NA	NA	NA	NA	NA
Deinacrida_rugosa	54.5	6.7	NA	NA	NA	NA	NA	NA	NA	NA	NA
Deinacrida_talpa	47.4	9.4	NA	NA	NA	NA	NA	NA	NA	NA	NA
Deinacrida_tibiospina	33	NA	NA	NA	NA	NA	NA	NA	NA	NA	NA
Hemiandrus_electra	19.7	NA	NA	NA	NA	NA	NA	NA	NA	NA	NA
Hemiandrus_maia	21.725	NA	NA	NA	NA	NA	NA	NA	NA	NA	NA
Hemiandrus_pallitarsis	11.43	NA	NA	NA	NA	NA	NA	NA	NA	45.1	NA
Hemideina_armiger	40	NA	NA	NA	NA	NA	NA	NA	NA	NA	NA
Hemideina_broughi	85	NA	NA	NA	NA	NA	NA	NA	NA	NA	NA
Hemideina_crassidens	NA	4.455	NA	274	NA	NA	NA	NA	NA	21	NA
Hemideina_femorata	40	NA	NA	NA	NA	NA	NA	NA	NA	NA	NA
Hemideina_maculifrons	NA	3.1	NA	NA	NA	NA	NA	NA	NA	NA	NA
Hemideina_maori	25	NA	NA	NA	212	NA	NA	NA	NA	NA	NA
Hemideina_megacephala	40	NA	NA	NA	NA	NA	NA	NA	NA	NA	NA
Hemideina_ricta	40	5.91	NA	243.5	NA	NA	NA	NA	NA	NA	NA
Hemideina_subantarcticus	NA	4.03	NA	NA	NA	NA	NA	NA	NA	NA	NA
Hemideina_thoracica	33	NA	NA	NA	NA	NA	NA	NA	NA	NA	NA
Libanasidus_vittatus	65	NA	NA	NA	NA	NA	NA	NA	NA	NA	NA
Motuweta_isolata	70	NA	NA	NA	NA	NA	NA	NA	NA	NA	NA
Cooloola_dingo	26.65	NA	NA	NA	NA	NA	NA	NA	NA	NA	NA
Cooloola_pearsoni	21	NA	NA	NA	NA	NA	NA	NA	NA	NA	NA
Cooloola_propator	26	NA	NA	NA	NA	NA	NA	NA	NA	NA	NA
Cooloola_ziljan	33.01	4.54	NA	NA	NA	NA	NA	NA	NA	NA	NA
Cylindracheta_campbellii	73.25	NA	NA	NA	NA	NA	NA	NA	NA	NA	NA
Cylindraustralia_arenivaga	46.5	NA	NA	NA	NA	NA	NA	NA	NA	NA	NA
Cylindraustralia_centricola	35.75	NA	NA	NA	NA	NA	NA	NA	NA	NA	NA
Cylindraustralia_cookensis	44	NA	NA	NA	NA	NA	NA	NA	NA	NA	NA
Cylindraustralia_granulata	53.75	NA	NA	NA	NA	NA	NA	NA	NA	NA	NA
Cylindraustralia_karumbensis	43	NA	NA	NA	NA	NA	NA	NA	NA	NA	NA
Cylindraustralia_kochii	52.75	7	NA	NA	NA	NA	NA	NA	NA	NA	NA
Cylindraustralia_longaeva	25	NA	NA	NA	NA	NA	NA	NA	NA	NA	NA
Cylindroryctes_spegazzinii	42.5	NA	NA	NA	NA	NA	NA	NA	NA	NA	NA
Episactus_brunneri	13.63	NA	NA	NA	NA	NA	NA	NA	NA	NA	NA
Episactus_tristani	13.64	NA	NA	NA	NA	NA	NA	NA	NA	NA	NA
Lethus_nicaraguae	17.775	NA	NA	NA	NA	NA	NA	NA	NA	NA	NA
Paralethus_insolitus	16.155	NA	NA	NA	NA	NA	NA	NA	NA	NA	NA
Pielomastax_cladopygidium	17	NA	NA	NA	NA	NA	NA	NA	NA	NA	NA
Caenomastax_bimaculata	12.65	NA	NA	NA	NA	NA	NA	NA	NA	NA	NA
Caenomastax_insignis	14.6	NA	NA	NA	NA	NA	NA	NA	NA	NA	NA
Caenomastax_magdalensis	15.5	NA	NA	NA	NA	NA	NA	NA	NA	NA	NA
Caenomastax_similis	13.1	NA	NA	NA	NA	NA	NA	NA	NA	NA	NA
Arrolla_rotamah	NA	NA	NA	NA	NA	NA	NA	NA	NA	45	NA
Pareremus_callabonnensis	NA	NA	NA	NA	NA	NA	NA	NA	NA	35.5	NA
Acheta_domesticus	18	2.5	NA	41.51	70	NA	NA	NA	NA	28.2	35
Gryllodes_sigillatus	15.5	NA	NA	NA	47.234	NA	NA	NA	NA	NA	NA
Gryllus_bimaculatus	30	2.4	NA	39.35	45.32	NA	NA	NA	NA	NA	NA
Gryllus_campestris	23	NA	NA	NA	NA	NA	NA	NA	NA	NA	NA
Gryllus_firmus	NA	2.77	NA	NA	NA	NA	NA	NA	NA	NA	NA
Gryllus_integer	NA	NA	NA	NA	31.775	NA	NA	NA	NA	NA	NA
Gryllus_pennsylvanicus	NA	3.1	NA	NA	32.175	NA	NA	NA	NA	NA	NA
Modicogryllus_frontalis	12.5	NA	NA	NA	NA	NA	NA	NA	NA	NA	NA
Myrmecophilus_acervorum	NA	NA	NA	NA	NA	NA	NA	NA	NA	NA	NA
Neoxabea_bipunctata	16	3.975	NA	NA	NA	NA	NA	NA	NA	NA	NA
Oecanthus_exclamationis	14.5	2.85	NA	NA	NA	NA	NA	NA	NA	NA	NA
Oecanthus_latipennis	NA	3	3.5	NA	NA	NA	NA	NA	NA	NA	NA
Oecanthus_nigricornis	14	2.9	3	NA	NA	1	0	0	0	32	NA
Oecanthus_niveus	14	2.83	3	NA	NA	NA	NA	NA	NA	NA	NA
Oecanthus_pellucens	12	NA	NA	NA	NA	NA	NA	NA	NA	NA	NA
Oecanthus_pini	15.5	3.14	NA	NA	NA	NA	NA	NA	NA	NA	NA
Oecanthus_quadripunctatus	14.5	2.8	3	NA	NA	NA	NA	NA	NA	NA	NA
Pteronemobius_heydenii	6.5	NA	NA	NA	NA	NA	NA	NA	NA	NA	NA
Teleogryllus_emma	31.2	2.9	NA	85.356	67.653	1	0	0	0	NA	NA
Truljalia_hibinosis	16.67	NA	NA	NA	NA	NA	NA	NA	NA	5.6	32.7
Gryllotalpa_gryllotalpa	NA	NA	NA	NA	NA	NA	NA	NA	NA	NA	NA
Crypsicerus_cubicus	16.6	NA	NA	NA	NA	NA	NA	NA	NA	NA	NA
Leatettix_denticornis	12	NA	NA	NA	NA	NA	NA	NA	NA	NA	NA
Leatettix_derula	9.25	NA	NA	NA	NA	NA	NA	NA	NA	NA	NA
Leatettix_emole	9	NA	NA	NA	NA	NA	NA	NA	NA	NA	NA
Leatettix_emota	14	NA	NA	NA	NA	NA	NA	NA	NA	NA	NA
Leatettix_erymna	9.5	NA	NA	NA	NA	NA	NA	NA	NA	NA	NA
Leatettix_fala	12	NA	NA	NA	NA	NA	NA	NA	NA	NA	NA
Leatettix_laticornis	10.5	NA	NA	NA	NA	NA	NA	NA	NA	NA	NA
Leatettix_limbi	12	NA	NA	NA	NA	NA	NA	NA	NA	NA	NA
Leatettix_monto	11	NA	NA	NA	NA	NA	NA	NA	NA	NA	NA
Leatettix_moraki	14.5	NA	NA	NA	NA	NA	NA	NA	NA	NA	NA
Leatettix_nama	17.5	NA	NA	NA	NA	NA	NA	NA	NA	NA	NA
Leatettix_nasuata	9	NA	NA	NA	NA	NA	NA	NA	NA	NA	NA
Leatettix_noteta	14	NA	NA	NA	NA	NA	NA	NA	NA	NA	NA
Leatettix_pota	11	NA	NA	NA	NA	NA	NA	NA	NA	NA	NA
Leatettix_ratoza	11	NA	NA	NA	NA	NA	NA	NA	NA	NA	NA
Leatettix_selupa	12	NA	NA	NA	NA	NA	NA	NA	NA	NA	NA
Leatettix_selupina	12.5	NA	NA	NA	NA	NA	NA	NA	NA	NA	NA
Leatettix_sipina	13.75	NA	NA	NA	NA	NA	NA	NA	NA	NA	NA
Leatettix_sopika	12.17	NA	NA	NA	NA	NA	NA	NA	NA	NA	NA
Leatettix_sulefa	12.5	NA	NA	NA	NA	NA	NA	NA	NA	NA	NA
Leatettix_timusa	18	NA	NA	NA	NA	NA	NA	NA	NA	NA	NA
Leatettix_tiono	11	NA	NA	NA	NA	NA	NA	NA	NA	NA	NA
Leatettix_tsaoba	10	NA	NA	NA	NA	NA	NA	NA	NA	NA	NA
Leatettix_ukami	11.33	NA	NA	NA	NA	NA	NA	NA	NA	NA	NA
Leatettix_vume	11.5	NA	NA	NA	NA	NA	NA	NA	NA	NA	NA
Leatettix_wigi	13	NA	NA	NA	NA	NA	NA	NA	NA	NA	NA
Leatettix_wotafa	12	NA	NA	NA	NA	NA	NA	NA	NA	NA	NA
Leatettix_zetti	11.5	NA	NA	NA	NA	NA	NA	NA	NA	NA	NA
Leatettix_zomana	14.125	NA	NA	NA	NA	NA	NA	NA	NA	NA	NA
Eneremius_pusillus	NA	NA	NA	NA	NA	NA	NA	NA	NA	NA	NA
Mastacides_pterolepis	13.5	NA	NA	NA	NA	NA	NA	NA	NA	NA	NA
Mastacides_pupaeformis	14	NA	NA	NA	NA	NA	NA	NA	NA	NA	NA
Mastacides_vaginalis	14	NA	NA	NA	NA	NA	NA	NA	NA	NA	NA
Myrmecophilus_orientalis	2.8	NA	NA	NA	NA	NA	NA	NA	NA	NA	NA
Acinipe_segurensis	36.5	NA	NA	NA	NA	NA	NA	NA	NA	NA	NA
Acrostira_euphorbiae	56	NA	NA	NA	NA	1	0	0	0	NA	NA
Atrichotmethis_semenovi	NA	7.25	NA	NA	NA	NA	NA	NA	NA	NA	NA
Attractomorpha_crenulata	21.05	NA	NA	NA	NA	NA	NA	NA	NA	NA	NA
Eoeotmethis_longipennis	NA	NA	NA	NA	NA	NA	NA	NA	NA	NA	NA
Eotmethis_indigotibialis	26.1	NA	NA	NA	NA	NA	NA	NA	NA	NA	NA
Eotmethis_shizuishanensis	29.525	NA	NA	NA	NA	NA	NA	NA	NA	NA	NA
Eunapiodes_granosus	46.75	NA	NA	NA	NA	NA	NA	NA	NA	NA	NA
Filchnerella_beicki	NA	NA	NA	NA	NA	NA	NA	NA	NA	NA	NA
Filchnerella_kukunris	NA	NA	NA	NA	NA	NA	NA	NA	NA	NA	NA
Filchnerella_qilianshanensis	NA	NA	NA	NA	NA	NA	NA	NA	NA	NA	NA
Filchnerella_sunanensis	NA	NA	NA	NA	NA	NA	NA	NA	NA	NA	NA
Haplotropis_brunneriana	NA	8.6	NA	NA	NA	NA	NA	NA	NA	NA	NA
Prionotropis_hystrix	37	NA	NA	60.83	45.6	1	0	0	0	16	1.5
Bullacris_membracioides	50.49	NA	NA	NA	32.5	NA	NA	NA	NA	NA	NA
Pneumora_inanis	74	NA	NA	182.5	NA	NA	NA	NA	NA	NA	NA
Anchocoema_bidentata	NA	5.6	NA	NA	NA	NA	NA	NA	NA	27.6	NA
Astroma_saltense	NA	NA	NA	NA	NA	NA	NA	NA	NA	20.2	NA
Pyrgacris_descampsi	NA	NA	NA	NA	NA	NA	NA	NA	NA	NA	NA
Pyrgacris_relictus	NA	NA	NA	NA	NA	NA	NA	NA	NA	NA	NA
Atractomorpha_australis	28	NA	5.3	NA	NA	NA	NA	NA	NA	NA	NA
Atractomorpha_similis	33	NA	4.6	NA	NA	NA	NA	NA	NA	NA	NA
Attractomorpha_hypoestes	25.5	NA	5.3	NA	NA	NA	NA	NA	NA	NA	NA
Aularches_miliaris	51.75	7.125	8.35	169	NA	1	0	0	0	96.4	NA
Chrotogonus_hemipterus	NA	4.2	NA	NA	NA	NA	NA	NA	NA	27	NA
Chrotogonus_homalodemus	21.3	NA	NA	NA	NA	NA	NA	NA	NA	NA	NA
Colemania_sphenarioides	37.5	NA	NA	NA	NA	NA	NA	NA	NA	NA	NA
Dictyophorus_griseus	49.25	NA	NA	NA	NA	NA	NA	NA	NA	NA	NA
Dictyophorus_spumans	53.5	NA	NA	NA	NA	NA	NA	NA	NA	NA	NA
Greyacris_profundesulcata	28	NA	6.9	NA	NA	NA	NA	NA	NA	NA	NA
Maura_rubroornata	29.5	NA	NA	NA	NA	NA	NA	NA	NA	NA	NA
Monistria_concinna	30	NA	7.7	NA	NA	NA	NA	NA	NA	NA	NA
Monistria_pustulifera	32.5	NA	6.9	NA	NA	NA	NA	NA	NA	NA	NA
Phymateus_baccatus	61.5	NA	NA	NA	NA	NA	NA	NA	NA	NA	NA
Phymateus_iris	54.5	NA	NA	NA	NA	NA	NA	NA	NA	NA	NA
Phymateus_leprosus	70	NA	NA	NA	NA	0	0	0	1	NA	NA
Phymateus_madagassus	56	NA	NA	NA	NA	NA	NA	NA	NA	NA	NA
Phymateus_morbillosus	66	NA	NA	730	NA	NA	NA	NA	NA	NA	NA
Phymateus_saxosus	58.75	NA	NA	NA	NA	NA	NA	NA	NA	NA	NA
Phymateus_viridipes	64.5	7.8	NA	NA	NA	0	0	0	1	NA	NA
Poekilocerus_bufonius	46.25	NA	NA	NA	NA	NA	NA	NA	NA	NA	NA
Poekilocerus_pictus	62.3	8.1	NA	NA	NA	NA	NA	NA	NA	NA	NA
Pyrgomorpha_conica	21.25	NA	NA	NA	NA	NA	NA	NA	NA	NA	NA
Pyrgomorpha_vignaudii	NA	4.45	NA	NA	NA	NA	NA	NA	NA	79.5	NA
Rubellia_nigrosignata	24.5	NA	NA	NA	NA	NA	NA	NA	NA	NA	NA
Sphenarium_purpurascens	NA	4.1	NA	NA	NA	1	0	0	0	27	1.5
Stibarosterna_serrata	26.7	NA	NA	NA	NA	NA	NA	NA	NA	NA	NA
Taphronota_calliparea	37	NA	NA	NA	NA	NA	NA	NA	NA	NA	NA
Zonocerus_elegans	39.375	6.5	6.75	75.5	91.25	1	0	0	0	70	4.29
Zonocerus_variegatus	37.2875	6.5	10.3	137	152	1	0	0	0	57.5	6
Ischyroplectron_isolatum	31.5	NA	NA	NA	NA	NA	NA	NA	NA	NA	NA
Isoplectron_armatum	12	NA	NA	NA	NA	NA	NA	NA	NA	NA	NA
Isoplectron_calcaratum	13	NA	NA	NA	NA	NA	NA	NA	NA	NA	NA
Macropathus_huttoni	17	NA	NA	NA	NA	NA	NA	NA	NA	NA	NA
Neonetus_pilosus	11	NA	NA	NA	NA	NA	NA	NA	NA	NA	NA
Neonetus_variegatus	10	NA	NA	NA	NA	NA	NA	NA	NA	NA	NA
Pachyrhamma_edwardsii	25.67	NA	NA	NA	NA	NA	NA	NA	NA	NA	NA
Pharmacus_montanus	11	NA	NA	NA	NA	NA	NA	NA	NA	NA	NA
Pleioplectron_diversum	17	NA	NA	NA	NA	NA	NA	NA	NA	NA	NA
Pleioplectron_hudsoni	12	NA	NA	NA	NA	NA	NA	NA	NA	NA	NA
Pleioplectron_pectinatum	15	NA	NA	NA	NA	NA	NA	NA	NA	NA	NA
Pleioplectron_simplex	16	NA	NA	NA	NA	NA	NA	NA	NA	NA	NA
Tachycines_asynamorus	16	NA	NA	NA	NA	NA	NA	NA	NA	NA	NA
Talitropsis_crassicruris	23	NA	NA	NA	NA	NA	NA	NA	NA	NA	NA
Talitropsis_irregularis	12	NA	NA	NA	NA	NA	NA	NA	NA	NA	NA
Talitropsis_sedilotti	16	NA	NA	NA	NA	NA	NA	NA	NA	NA	NA
Ripipteryx_diegoi	8.1	NA	NA	NA	NA	NA	NA	NA	NA	NA	NA
Ripipteryx_gorgonaensis	6.295	NA	NA	NA	NA	NA	NA	NA	NA	NA	NA
Ripipteryx_guacharoensis	7.3	NA	NA	NA	NA	NA	NA	NA	NA	NA	NA
Acrydium_latreillei	120	NA	NA	NA	NA	NA	NA	NA	NA	NA	NA
Brachystola_magna	48.625	10.415	11	45	NA	NA	NA	NA	NA	36.835	NA
Chromacris_speciosa	31	NA	NA	NA	NA	NA	NA	NA	NA	NA	NA
Euprepacris_charpentieri	NA	NA	NA	NA	NA	NA	NA	NA	NA	NA	NA
Romalea_microptera	53	9.5	11	55	108.65	1	0	0	0	63.85	4
Taeniopoda_eques	50.5	NA	NA	NA	NA	NA	NA	NA	NA	NA	NA
Taeniopoda_reticulate	54.75	NA	NA	NA	NA	NA	NA	NA	NA	NA	NA
Tropidacris_collaris	80.5	NA	NA	NA	NA	NA	NA	NA	NA	NA	NA
Tropidacris_cristata	71.5	NA	NA	NA	NA	NA	NA	NA	NA	NA	NA
Schizodactylus_minor	27.215	NA	NA	NA	NA	NA	NA	NA	NA	NA	NA
Schizodactylus_monstrous	47.255	NA	8.09	NA	NA	NA	NA	NA	NA	23.1	NA
Stenopelmatopterus_sartorianus	27	NA	NA	NA	NA	NA	NA	NA	NA	NA	NA
Stenopelmatus_guatemalae	16.5	NA	NA	NA	NA	NA	NA	NA	NA	NA	NA
Stenopelmatus_minor	16	NA	NA	NA	NA	NA	NA	NA	NA	NA	NA
Mohavacris_timberlakei	10	NA	NA	NA	NA	NA	NA	NA	NA	NA	NA
Tanocerus_koebelei	13.875	NA	NA	NA	NA	NA	NA	NA	NA	NA	NA
Tetrix_bipunctata	9.5	2.3	NA	NA	NA	NA	NA	NA	NA	NA	NA
Tetrix_brunnerii	NA	NA	NA	NA	NA	1	0	0	0	NA	NA
Tetrix_ceperoi	8.5	NA	NA	NA	NA	NA	NA	NA	NA	NA	NA
Tetrix_japonica	NA	NA	NA	NA	NA	NA	NA	NA	NA	NA	NA
Tetrix_subulata	9.5	2.64	NA	NA	NA	1	0	0	0	25.9	NA
Tetrix_tartara	NA	NA	NA	NA	NA	NA	NA	NA	NA	NA	NA
Tetrix_tenuicornis	9	NA	NA	NA	NA	NA	NA	NA	NA	NA	NA
Tetrix_tuerki	8.5	NA	NA	NA	NA	0	0	1	0	NA	NA
Tetrix_undulata	9.5	2.2	NA	NA	NA	NA	NA	NA	NA	NA	NA
Aerotegmina_kilimandjarica	20.3	NA	NA	NA	NA	NA	NA	NA	NA	NA	NA
Anabrus_simplex	42.75	7.5	7.1	75	NA	1	0	0	0	35	4.571
Anterastes_anatolicus	19.5	NA	NA	NA	NA	NA	NA	NA	NA	NA	NA
Anterastes_antitauricus	19.375	NA	NA	NA	NA	NA	NA	NA	NA	NA	NA
Anterastes_babadaghi	17.125	NA	NA	NA	NA	NA	NA	NA	NA	NA	NA
Anterastes_burri	15.65	NA	NA	NA	NA	NA	NA	NA	NA	NA	NA
Anterastes_niger	13.5	NA	NA	NA	NA	NA	NA	NA	NA	NA	NA
Anterastes_serbicus	14.825	NA	NA	NA	NA	NA	NA	NA	NA	NA	NA
Anterastes_tolunayi	18.95	NA	NA	NA	NA	NA	NA	NA	NA	NA	NA
Anterastes_turcicus	18.075	NA	NA	NA	NA	NA	NA	NA	NA	NA	NA
Anterastes_ucari	17.875	NA	NA	NA	NA	NA	NA	NA	NA	NA	NA
Anterastes_uludaghensis	13.8	NA	NA	NA	NA	NA	NA	NA	NA	NA	NA
Barbitistes_constrictus	17	NA	NA	NA	NA	NA	NA	NA	NA	NA	NA
Barbitistes_serricauda	17.5	NA	NA	NA	NA	NA	NA	NA	NA	NA	NA
Caedicia_simplex	NA	NA	NA	NA	NA	NA	NA	NA	NA	NA	NA
Clonia_wahlbergi	52.5	NA	NA	NA	NA	NA	NA	NA	NA	NA	NA
Conocephalus_dorsalis	14.5	5.25	NA	NA	NA	NA	NA	NA	NA	NA	NA
Conocephalus_fuscus	14.5	6	NA	NA	NA	NA	NA	NA	NA	NA	NA
Conocephalus_nigropleurum	14.25	5	NA	NA	NA	1	0	0	0	NA	NA
Decticus_verrucivorus	33	5	NA	NA	NA	NA	NA	NA	NA	NA	NA
Ephippiger_ephippiger	25.25	NA	NA	NA	NA	NA	NA	NA	NA	NA	NA
Euconocephalus_incertus	33.505	NA	NA	NA	NA	NA	NA	NA	NA	NA	NA
Euconocephalus_indicus	31.59	NA	NA	NA	NA	NA	NA	NA	NA	NA	NA
Euconocephalus_murco	31.4	NA	NA	NA	NA	NA	NA	NA	NA	NA	NA
Euconocephalus_nasutus	32.08	NA	NA	NA	NA	NA	NA	NA	NA	NA	NA
Euconocephalus_pallidus	31.04	NA	NA	NA	NA	0	1	0	0	NA	NA
Gampsocleis_glabra	23	NA	NA	NA	NA	NA	NA	NA	NA	NA	NA
Isophya_pyrena	21	NA	NA	NA	NA	NA	NA	NA	NA	NA	NA
Jamaicana_flava	NA	8	NA	NA	NA	NA	NA	NA	NA	NA	NA
Leptophyes_albovittata	12.75	NA	NA	NA	NA	NA	NA	NA	NA	NA	NA
Leptophyes_punctatissima	14.25	3.374	NA	NA	NA	NA	NA	NA	NA	NA	NA
Lipotactes_silvestris	NA	NA	NA	NA	NA	1	0	0	0	NA	NA
Meconema_thalassinum	13.5	3	NA	NA	NA	NA	NA	NA	NA	NA	NA
Metrioptera_bicolor	16.5	NA	NA	NA	NA	NA	NA	NA	NA	NA	NA
Metrioptera_brachyptera	15	4	NA	NA	NA	NA	NA	NA	NA	NA	NA
Mygalopsis_marki	35.2	NA	NA	NA	228	1	0	0	0	NA	NA
Mygalopsis_pauperculus	NA	NA	NA	NA	NA	NA	NA	NA	NA	NA	NA
Neoconocephalus_aduncus	44	NA	NA	NA	NA	0	0	1	0	NA	NA
Neoconocephalus_affinis	57	NA	NA	NA	NA	0	0	1	0	NA	NA
Neoconocephalus_bivocatus	NA	NA	NA	NA	NA	1	0	0	0	NA	NA
Neoconocephalus_carbonarius	49.335	NA	NA	NA	NA	0	0	1	0	NA	NA
Neoconocephalus_caudellianus	NA	NA	NA	NA	NA	1	0	0	0	NA	NA
Neoconocephalus_ensiger	54	NA	NA	NA	NA	1	0	0	0	NA	NA
Neoconocephalus_exciliscanorus	NA	NA	NA	NA	NA	1	0	0	0	NA	NA
Neoconocephalus_lyristes	NA	NA	NA	NA	NA	1	0	0	0	NA	NA
Neoconocephalus_maxillosus	56.25	NA	NA	NA	NA	0	0	1	0	NA	NA
Neoconocephalus_melanorhinus	NA	NA	NA	NA	NA	1	0	0	0	NA	NA
Neoconocephalus_nebrascensis	NA	NA	NA	NA	NA	1	0	0	0	NA	NA
Neoconocephalus_occidentalis	49	NA	NA	NA	NA	0	0	1	0	NA	NA
Neoconocephalus_pahayokee	NA	NA	NA	NA	NA	1	1	0	0	NA	NA
Neoconocephalus_palustris	46.25	NA	NA	NA	NA	1	0	0	0	NA	NA
Neoconocephalus_pinicola	46.5	NA	NA	NA	NA	0	0	1	0	NA	NA
Neoconocephalus_pipulus	50	NA	NA	NA	NA	0	0	1	0	NA	NA
Neoconocephalus_punctipes	47	NA	NA	NA	NA	0	0	1	0	NA	NA
Neoconocephalus_retusiformis	49	NA	NA	NA	NA	0	0	1	0	NA	NA
Neoconocephalus_retusus	44.5	NA	NA	NA	NA	1	0	0	0	NA	NA
Neoconocephalus_robustus	63.5	NA	NA	NA	NA	1	0	0	0	NA	NA
Neoconocephalus_saturatus	56	NA	NA	NA	NA	0	0	1	0	NA	NA
Neoconocephalus_spiza	55.5	NA	NA	NA	NA	0	0	1	0	NA	NA
Neoconocephalus_susurrator	40	NA	NA	NA	NA	0	0	1	0	NA	NA
Neoconocephalus_triops	55.25	NA	NA	49	NA	1	1	0	1	NA	NA
Neoconocephalus_velox	60.5	NA	NA	NA	NA	1	0	0	0	NA	NA
Orchelimum_gladiator	NA	NA	NA	NA	NA	NA	NA	NA	NA	NA	NA
Orophus_conspersus	62	NA	NA	NA	NA	0	0	1	0	NA	NA
Phaneroptera_falcata	15	NA	NA	NA	NA	NA	NA	NA	NA	NA	NA
Phaneroptera_nana	NA	4.5	NA	NA	NA	NA	NA	NA	NA	NA	NA
Pholidoptera_aptera	22	5.6	NA	NA	NA	NA	NA	NA	NA	NA	NA
Pholidoptera_griseoaptera	15.25	4.25	NA	NA	NA	NA	NA	NA	NA	NA	NA
Platycleis_albopunctata	20	4	NA	NA	NA	NA	NA	NA	NA	NA	NA
Platycleis_montana	16	NA	NA	NA	NA	NA	NA	NA	NA	NA	NA
Platycleis_tessellata	15	NA	NA	NA	NA	NA	NA	NA	NA	NA	NA
Poecilimon_cretensis	NA	NA	NA	NA	NA	NA	NA	NA	NA	NA	NA
Polysarcus_denticauda	34	NA	NA	NA	NA	NA	NA	NA	NA	NA	NA
Requena_verticalis	16.6875	3.7	NA	48.935	NA	1	0	0	0	17	NA
Roeseliana_roeselii	16	4.65	NA	NA	NA	NA	NA	NA	NA	NA	NA
Ruspolia_differens	NA	6	NA	62	268	0	0	1	0	30.786	NA
Ruspolia_nitidula	24.5	NA	NA	NA	NA	NA	NA	NA	NA	NA	NA
Stictophaula_armata	NA	NA	NA	NA	NA	1	0	0	0	NA	NA
Tettigonia_cantans	27	5.6	NA	NA	NA	NA	NA	NA	NA	NA	NA
Tettigonia_viridissima	34.5	5.3	NA	NA	NA	NA	NA	NA	NA	NA	NA
Uvarovistia_zebra	NA	NA	NA	NA	NA	1	0	0	0	NA	NA
Zitsikama_tessellata	25	NA	NA	NA	NA	NA	NA	NA	NA	NA	NA
Chromothericles_keniensis	15.4	NA	NA	NA	NA	NA	NA	NA	NA	NA	NA
Chromothericles_manyara	15.05	NA	NA	NA	NA	NA	NA	NA	NA	NA	NA
Chromothericles_ngongensis	9.5	NA	NA	NA	NA	NA	NA	NA	NA	NA	NA
Chromothericles_uguenoensis	15.2	NA	NA	NA	NA	NA	NA	NA	NA	NA	NA
Xya_capensis	5.6	NA	NA	NA	NA	NA	NA	NA	NA	NA	NA
Xya_pfaendleri	5	NA	NA	NA	NA	NA	NA	NA	NA	NA	NA
Xya_variegata	5	NA	NA	NA	NA	NA	NA	NA	NA	NA	NA
Allonemobius_allardi	NA	1.91	NA	NA	NA	NA	NA	NA	NA	NA	NA
Allonemobius_fasciatus	NA	1.83	NA	NA	NA	NA	NA	NA	NA	NA	NA
Allonemobius_socius	10.5	NA	NA	NA	NA	1	1	0	0	NA	NA
Argizala_brasiliensis	11.08	NA	NA	NA	NA	NA	NA	NA	NA	NA	NA
Eunemobius_carolinus	NA	1.75	NA	NA	NA	NA	NA	NA	NA	NA	NA
Nemobius_sylvestris	8.5	NA	NA	NA	NA	0	0	0	1	NA	NA
Neonemobius_eurynotus	11.05	NA	NA	NA	NA	NA	NA	NA	NA	NA	NA
Elasmoderus_wagenknechti	32.95	NA	NA	NA	NA	NA	NA	NA	NA	NA	NA
Axyronotus_cantralli	23.35	NA	NA	NA	NA	NA	NA	NA	NA	NA	NA
Xyronotus_aztecus	22.825	NA	NA	NA	NA	NA	NA	NA	NA	NA	NA
Xyronotus_cohni	22.175	NA	NA	NA	NA	NA	NA	NA	NA	NA	NA
Xyronotus_hubbelli	23.45	NA	NA	NA	NA	NA	NA	NA	NA	NA	NA